A,B,C,D,E,G,H,I
2,3,0.454156007688224,-1.0625409059615,2,-2.96458292137242,2.82255936058398,0.0560844427041939
2,3,0.304424144088091,-1.93565096179494,2,-3.09662196523799,-1.30572820578301,0.640175675924529
2,3,1.89771749276973,-4.68379296377267,1,-2.811305808651,1.02496953398752,0.193538845804364
2,3,0.371110876986951,-1.66626420888447,1,-2.51228249552207,1.80335230492809,1.1106100153527
1,2,1.95593836505338,-2.85426149267512,2,-2.86863273836858,1.10283739160378,0.165350071267383
1,1,-0.0253272952567712,-4.35498993840945,1,-3.46277307337598,2.56495266838147,0.230714056676291
2,3,0.0213811119001255,-4.0233205969753,2,-2.98427206375498,0.472031096509044,-0.134552833283632
1,3,2.12220099764821,-2.09709030782485,2,-3.29127284125492,0.804432455046175,0.0802677071134376
1,2,1.92643090981518,-2.61247976360132,1,-3.37836056179272,2.71065264745753,0.785401633674258
2,2,1.3057058558278,-4.43037669443983,1,-3.30842873180458,-1.7330240456354,0.444918015223728
2,2,1.06516281254606,-3.44985646186522,2,-3.08204611647756,1.2087550925077,0.197235173047324
2,3,-0.126579657918254,-2.82528104352161,1,-3.47550865007027,1.89247374967335,0.928325998063579
1,2,0.898591118266375,-4.00245560802981,2,-3.10454005689859,4.05382113618613,0.809778044053082
2,1,-0.897550174725423,-1.93711616303684,2,-3.01206284851075,-0.105597139858325,0.119657040589895
2,3,1.14138426762416,-4.03201660378569,2,-3.01323793622318,1.81502970158069,0.89038619806288
1,3,0.147055691915554,-2.91473847992871,2,-2.5939667339039,0.185397153396131,-0.38915266072715
2,3,0.922666743610958,-2.47537008763946,2,-3.09777222291714,-0.535692182597335,-0.0459670020501418
2,3,-0.316710896123905,-2.30831883063046,2,-3.03786753316218,0.485285330631888,1.16583409641156
2,3,-0.854693281415938,-3.09407067749169,2,-3.2956649551601,1.89724951326132,0.341944317139662
2,3,-0.486417790162709,-2.20026804614673,2,-2.20231822193947,1.64483287950639,0.68582601850462
2,3,0.556780814561961,-2.86781107555022,2,-3.06979653863803,2.03657568566151,0.0737090777895624
2,3,0.615097466401585,-3.16557320643933,1,-3.25820449551738,0.753722246952377,0.585346520395337
2,4,-0.149841285887931,-5.62174911974232,1,-2.65194841262415,1.01077672081673,0.205768062765409
2,2,-0.776531692059567,-4.38904384947914,2,-3.2815785599029,1.56981994379331,0.809312589841378
2,2,1.40129751753147,-3.39304782752445,2,-2.9176257412296,2.67566137693951,0.725151690247693
1,1,1.40422741576673,-3.4720794989952,2,-3.22870061383802,1.79147076101029,0.849098400042393
2,1,0.58899079597783,-3.4100680507012,2,-3.30265571599959,1.46495681451045,0.545069391900014
2,2,0.804310080577367,-4.20873804579518,2,-2.89672704914937,-1.84801840488667,0.516284403021868
1,3,-0.893424314496057,-3.42353525600631,2,-2.95956759033274,0.350308108952028,0.453595120458237
1,1,0.537733057565171,-4.52584028455853,2,-2.67101273572098,3.00499851829429,0.666222816025293
1,3,1.90807519390465,-2.34110375010902,2,-3.24703677148116,0.750116029639292,0.239333215318437
2,3,-1.11612663185874,-4.56077175497845,2,-2.93804755776879,3.53296078374944,0.892539656045578
2,2,1.87106106111312,-2.85573605169045,2,-3.14982809047656,1.07227889387583,0.779285799199215
2,3,-0.411476551696676,-3.40306421370539,2,-2.95847960175501,1.21646623843352,0.396233880123009
2,2,-2.3467974625482,-3.38886776750328,1,-2.87157123696845,1.18409033987504,0.681735883182747
2,3,1.31049043475966,-3.75368916462722,2,-2.83975950204128,2.85800699519654,0.88815602750382
2,2,1.7701747434559,-2.59736747361703,1,-3.32783099026902,-0.0592684460900699,0.443095192061073
2,2,1.40196109604752,-1.12086802374109,2,-3.47712035047682,3.19865833084989,0.259289001887982
1,2,0.933327247226693,-2.49056363663028,2,-3.28319062204425,1.02261798123277,0.557319373669522
1,2,-1.505541113366,-3.84638171646397,2,-2.99897735837833,2.55985785830863,0.767944995353303
2,3,-1.02646149324857,-2.85043411684084,1,-2.8026500642435,-0.642173857790405,0.749056141473458
2,3,1.28818594487673,-3.62268794620864,2,-2.88437446155391,1.44634686702126,0.308002810476035
2,3,-1.46804021346235,-3.51781099734286,2,-3.08910920069955,2.62441361183349,0.792917853521437
2,3,1.44863360977569,-4.46559603358787,2,-3.14502898699618,3.10981977214772,0.761288700327745
2,2,-0.0866292685648649,-4.08507083626117,2,-2.76215661733753,2.33911493868411,0.67640704995177
2,1,0.325892133924155,-2.87486550072859,1,-3.02212357631081,0.151268867060941,1.33581125982849
2,3,0.601370750842302,-2.72261804369694,2,-3.13528277413271,1.28144615053132,0.791918126793084
2,3,-0.243592124920429,-3.83907493577757,1,-2.8296320394655,2.20100881165123,0.588122308482186
2,2,0.843172906395199,-3.7945662091037,1,-3.10140062082599,1.84350783021679,0.586221060335704
2,3,0.7048451983166,-1.63408926379761,1,-2.79325828158235,1.95310884021449,0.972156964376392
2,3,-0.59626736077769,-1.75860678271633,2,-2.35434363995547,1.40217377359347,0.13986321330425
2,3,1.12724570294122,-1.75555107991303,2,-3.19887139675209,0.981191069497247,1.00323350228281
2,1,-0.302657598110074,-2.60295094032466,2,-2.86996115367468,3.30984925154104,0.352942237580452
2,2,1.4043975256012,-4.49085515238468,1,-2.99166584911716,4.22897479450029,0.0975605808330575
2,3,0.0608234003907646,-3.25621899452438,2,-3.12545470914285,0.996997428702563,-0.368413162264749
1,3,2.39525867899541,-3.90384745869735,2,-3.18021810767412,3.87565829112061,0.853577989779242
2,2,-0.645211524368051,-2.61687793194912,2,-3.21988834760915,1.11637045836582,0.459259757677644
2,3,0.226761634517429,-3.08963787664765,2,-2.83634767952127,0.826777991424663,0.199362859542732
2,1,0.94050332311725,-2.93457385474363,2,-3.21764891137666,0.986815735779851,-0.270410903647854
1,2,0.174660161800933,-1.93865017113037,2,-2.64298890116231,1.72251616048897,0.885946800507279
2,2,0.623232117186898,-2.2148290573093,2,-2.80058125109709,0.994596192869229,1.04659518504626
1,3,1.29602895286478,-2.27766876970872,1,-2.91766506098769,0.469389540031737,0.808181014688446
2,3,0.383243962762379,-3.57547766695151,2,-3.05607481712777,0.00760146375440773,0.565741384118645
2,2,2.03968689724839,-1.04743900715288,2,-2.86519662693505,1.80387153015349,-0.117496580530719
1,3,1.25140098743213,-3.7383939027718,2,-2.74273025135797,2.33890531549894,-0.246332441169256
2,3,-0.175897265000625,-4.58209277685956,2,-2.6786280714019,2.51000474056652,0.111913791047616
2,3,1.31901604603766,-1.68464312018544,2,-3.51526904496996,2.19975697777983,0.340865170307131
2,2,-0.593263414756162,-1.31968885068213,1,-3.23120167940009,3.0370587082614,0.21816410018974
1,1,0.587391148423497,-2.55085397487998,2,-2.93357249066771,2.22507241622445,0.401363643322424
2,2,0.780296117311518,-3.23279171286492,1,-3.33669219455713,2.2700362425987,0.0163968545867041
2,3,2.50766979493929,-3.31272345465158,1,-2.83813695313831,-1.26061596122984,0.87598856891021
2,1,0.402847917395773,-2.49260733899351,2,-3.03838483925191,1.01501897201891,0.304634507149641
2,3,-0.0262601782888807,-2.02181089638147,1,-2.98033165504213,4.01745030155903,0.0235534591421408
2,3,0.0182887294376763,-4.36007179896677,2,-3.02572127520094,1.27618639787021,0.849918680873555
2,2,1.44780897100167,-1.39559580545253,2,-3.4032311753839,2.80352050703584,0.814471767905776
2,2,0.876702718255825,-3.47944263569505,2,-3.13110198509963,0.789999302299903,0.683644428227454
2,2,2.30179713612503,-3.69429536531097,2,-2.81327878350073,2.09780558568194,0.151781221877806
2,3,1.64037448759631,-2.64965497715975,2,-2.50878263330736,2.44835725994856,0.490383084131568
2,3,0.363957876174938,-3.07747878357503,2,-3.05570701279773,0.792539832902054,0.446658463292248
1,3,0.157638180328484,-2.26920411337827,2,-2.63270402876864,5.18805094204013,0.543740920459884
2,3,-2.63250941046974,-1.69218613632918,2,-2.92611259351616,1.96365424051075,0.927678068954119
2,3,-0.28472900502401,-1.17953521660289,1,-2.94968832038596,1.33850522491376,0.843802393093942
2,2,0.916181773878893,-5.01066588424328,2,-2.99286116098919,1.46932150354316,0.878569687690483
2,3,1.65836137038394,-2.86872326979252,1,-3.10275812491662,0.458635586100733,0.644563293788837
2,2,1.73983982946785,-2.1446853271472,2,-3.01526992552093,0.168797523480398,0.754855442272136
1,3,1.23089884358682,-2.45980847325916,1,-3.37282294118504,1.55425094190538,0.780743288393206
2,3,1.52253087589054,-1.55330692577779,2,-3.21043691098921,-1.76020793374934,0.257372159965302
1,2,0.0502659147327172,-2.83390593667836,2,-3.08239263449205,3.64039318278174,1.31130220887683
2,3,0.642757653783184,-2.9885776207086,2,-2.81058401387056,2.40697475416494,0.329746705301367
2,3,0.285042116091275,-2.47327647846385,1,-3.30072358268432,1.24293581704755,0.497794554643456
2,2,-0.120177675643453,-1.93478540356746,2,-2.83019135983226,-0.0801448949504171,-0.413631570479312
1,3,0.896540615238185,-1.90661994789511,2,-3.16988765585137,4.46540844897861,0.33768304188747
1,3,2.30434036462144,-3.54050745112168,2,-2.77845409404806,2.30219154601611,0.339560101495371
1,1,0.0652715374401126,-3.8355179298571,2,-2.87792395869426,1.46751887199381,0.663114913968179
2,2,2.87123224734048,-3.6001555637666,2,-2.81480509456717,0.837741682094288,-0.703508442976815
1,3,2.33450086666636,-2.32636575733361,2,-3.16374247659403,1.67691862639461,0.540342398546143
2,2,1.62378752535624,-2.92232121000903,1,-3.07667758858447,2.20903193189302,0.435560497261934
2,3,-0.00397773012541702,-2.501108924635,2,-2.80867172532491,2.73410442419087,0.220283144723217
2,2,1.08653335389944,-2.57965281096779,2,-3.27070021594903,1.73663885928089,-0.563425408992407
2,3,-1.56315938929698,-4.2519500653409,2,-2.82351310304559,2.4707101147157,0.267750847211174
1,3,-1.07151215131202,-1.67183695156076,2,-3.17829980706754,0.21294208383796,0.546308404615932
2,2,-0.0945969556925078,-1.36972587802874,2,-2.88430618397729,1.13558068041802,1.01511539445764
1,2,1.07414324012946,-3.24818844958313,2,-2.73766376623061,1.40359481796529,0.353546247290797
2,3,1.30353864144483,-4.13270249769299,2,-3.23375703078765,-0.293528102960669,0.780891105464679
2,2,1.72139421757637,-1.92914118063852,1,-3.19419460705712,-0.519607254070976,1.20512104642339
2,3,2.84697800683396,-2.49572505742768,2,-3.19125070885579,1.93593344246208,0.686896331643819
2,3,-0.0658621083160246,-3.23019462819848,2,-3.17158090444991,2.64632405949618,0.454618704719429
2,3,0.264496547708823,-3.41705801315314,2,-2.81181036817461,1.23010813813572,0.723991480974935
2,2,1.07887649340403,-1.13879246182495,1,-3.2176347715659,-0.354214128059463,0.509179319155816
2,1,0.114155721283033,-4.95895167556373,1,-3.2865302583232,2.74164226965652,0.38531044919191
2,3,0.387909627110675,-4.76867151246982,1,-3.18450293023769,1.50306563072809,0.786407504933949
2,3,0.999509800172765,-4.66200749199547,2,-3.06512862319054,-1.37151468672897,0.428594868553075
2,1,1.59074998083265,-3.48736155087483,1,-3.30601625948518,-0.117606636712077,0.492469104473493
2,3,0.362732533121395,-2.52974297119644,2,-3.00332152816658,-1.13747286888163,0.627747500521376
1,2,0.0940991599021953,-3.47870454203647,2,-3.17114467442348,1.43687393921652,0.964752459815823
1,3,0.219223312670706,-3.51014366775757,2,-3.12671320674012,1.73063393997448,0.245574436767357
2,3,-0.455703986325131,-3.44436104961015,2,-3.25755111697224,0.970699744528908,0.514936189875654
2,2,-1.8594407620157,-0.894741934190731,2,-2.80889494047547,1.56926186090148,0.57278082669466
2,3,-1.36055574277625,-2.67388685210572,1,-3.09298101362615,2.21042640656347,0.332345207717185
2,2,0.303788532453552,-2.50305485128904,1,-3.18667411902018,1.63560204544719,0.665986739835683
2,3,0.340548520630671,-2.76056502536633,2,-2.96370680503818,1.56904151478693,0.752827010209275
2,3,0.408629691222854,-3.15944558702925,2,-2.87039779943518,1.4195316570245,0.390185839287041
2,3,0.640186626236711,-3.08935952133549,2,-2.97989909369821,0.64591675507039,0.709103516396404
1,2,1.52437691734016,-2.80588101578044,2,-3.19902757934889,0.616413016592877,0.907075949478867
1,3,-0.0662785549771292,-3.96413199816359,2,-2.59132691458673,0.723357086617584,1.0219538074721
2,2,0.526303682165236,-2.77238200211093,2,-3.07698255349867,1.17656680033671,0.366271615807545
2,3,1.42175164607362,-3.63182534490191,2,-2.86415582921408,1.30168465120371,0.632273989180242
2,1,-0.738569942548643,-2.14229744487463,2,-3.36033781707627,0.862908980936331,0.187345621415118
2,3,-0.904121524823043,-1.60445377134195,1,-3.24700950800374,0.97239359854606,0.769847410786227
2,1,2.12102084739365,-2.89476765781359,2,-2.66140197547911,2.4621039740877,0.866849434780144
2,3,0.932805313019869,-1.63915194116958,2,-2.93827503270944,1.47268460259241,0.264395970572302
2,3,2.79169228196059,-2.57364051358805,2,-2.85482297184736,-2.57705193292916,0.885013887803203
2,3,0.975913559706791,-2.10299340230966,1,-3.0352097156291,2.00349368535756,0.695744256811416
2,3,1.43214556738198,-2.48994203253283,2,-2.89385257021507,0.952159640301651,0.511904239989916
2,3,-0.469519847588479,-1.36313964793005,2,-2.80875233913542,1.89877984596541,0.374825164538035
1,3,-0.693093274241788,-4.31870678652455,2,-2.98181324672209,3.1507777118756,0.600887361708633
2,3,1.1381715156288,-3.1850751192163,2,-2.5771049900766,0.77934815672163,0.463501900640999
2,2,1.47620599686494,-3.20667047750092,2,-3.35344750363575,4.11549692128784,0.495749263082914
2,2,1.51601523461452,-2.80864248372649,1,-3.49311324878169,1.28000965319625,0.806358890323012
2,3,0.659426639061654,-2.55639397260941,2,-3.22311478609595,3.15859440743044,0.500722621834338
1,3,0.536209021409617,-2.25426197608539,1,-3.00893892168761,3.16504561453389,0.439819933782489
2,3,1.06745241370582,-2.62551497165202,2,-2.9838617134694,2.44489192871127,0.54539685094324
1,3,0.855790414318472,-1.94179903455401,1,-2.82775814393323,2.94694713626898,0.160736986103218
1,3,-0.423173700360651,-1.57560555681758,2,-3.0254318092636,-0.480881638050588,0.437099584261342
2,3,-0.443840623996696,-2.89023595281833,2,-2.95321995011866,3.26145543164661,0.166022210079216
2,3,-0.291684638116482,-3.72480087977416,2,-2.48732368485819,-0.782834952061359,0.536981142819414
2,1,1.7123041689639,-3.85139315133579,2,-3.41220394241955,2.05210009550407,0.0265621924434894
2,3,1.54294171710258,-2.07170504707633,1,-3.09202612082757,3.1414506566511,0.824597438630904
2,3,-0.0346486019273322,-2.18143727668248,2,-2.93449973294754,0.0731299405798564,0.816950890161125
2,2,0.341309599682705,-1.24958008959477,1,-2.98881643866132,-0.797976986536064,1.0419578363929
2,2,0.0333043291021555,-2.36295019060631,2,-3.08842992982935,2.18523649732848,0.642098704343405
2,3,0.291270418081045,-2.33268272766276,1,-2.68095152025452,0.830381435582146,0.371772123798589
2,2,0.18011320081087,-2.76651387773865,2,-3.13831386881498,-0.421390233634501,0.679993361492262
2,3,0.227347742359884,-1.49970565929747,2,-3.07983811335816,0.985891855106818,0.806973716637405
2,1,2.45111937938829,-2.78323321978959,2,-3.43532402454625,2.25647603638446,1.0047176252622
1,3,1.00903252038296,-2.88763062479612,2,-2.83494241631825,2.0498248898306,0.323123137119528
2,2,1.05383006094287,-3.72000565723915,2,-2.47606961181225,1.14365588498077,0.5069100174561
2,2,2.00933525287092,-4.4482078796361,2,-2.7817678025532,-1.27729672030758,0.115984717453859
2,3,-0.835196736858235,-2.07880534120617,2,-2.80959405412474,1.46720725346284,0.953423283295439
2,3,0.0177715835529055,-2.79661467280701,2,-3.07824274053553,0.0880488823452172,0.497067193715892
2,3,-0.154377381274534,-3.71656945769182,2,-2.84599558254207,3.83610978675952,-0.26724267302592
1,3,0.782964898222375,-3.51800418928132,2,-3.07083370891449,2.36520780920676,0.428032497740635
2,3,2.34352005924282,-3.50045389223832,2,-2.86460067152545,1.76747785445343,1.48236385723196
2,3,0.807776197051744,-2.18688523327716,2,-3.19896241996808,1.86668694279207,0.0739945498143607
2,3,0.131061807965743,-2.19552813976358,1,-2.79248043069637,1.90263243569898,0.634141510378781
2,2,-0.205397053056208,-3.69410655596628,2,-3.03630408152499,0.530780002778988,0.448914481089251
1,3,1.45569153678171,-2.94451160601375,2,-2.81165564432082,1.23807640952499,1.0087548076247
2,2,1.28554440859613,-2.44335934191378,2,-3.15002613349813,2.43159200999817,0.909470448312942
2,3,1.68721095575616,-3.79980288411331,2,-2.66159238683111,-0.0440525913241541,0.105326819036729
2,2,1.78124724602403,-4.46058119949759,2,-3.06964190409546,1.36800354036276,-0.0498863187291105
2,2,0.332483398873928,-3.52660184108606,2,-3.31392663114153,1.70909510902788,0.383910214470724
1,2,1.57775109176368,-1.1231058497396,2,-3.17703873591312,3.37295913212607,0.46050427229481
1,2,1.23560328392725,-2.88051623352309,2,-3.411489005881,0.602935685285897,0.485079343804297
2,3,0.0312579180878181,-2.9691881318273,1,-3.51796373520259,2.05158346307259,0.985646193793494
1,2,0.328267398285391,-0.687796049555642,2,-2.63176202620602,0.557321289016027,0.64322477864927
2,2,0.753676404328529,-3.89355362495546,2,-3.34079690255661,0.815249751830433,-0.378621906518123
2,2,-0.985655478849649,-2.75364221847401,2,-2.60980651871933,0.646383774339988,0.371690877891786
1,3,0.0810352433848964,-2.97747702429124,1,-2.67312592278767,1.43535609008855,0.871031810624102
1,3,-0.993316504908541,-3.0004547483686,2,-2.98768241049597,1.7214969631273,0.305387978321805
2,3,-0.788131095730246,-4.97156674261903,2,-2.92653823800915,1.8318329290306,1.22257106535442
2,3,-0.978795148382237,-1.56510435623827,1,-2.76792971737706,-0.420396176199069,0.339065044472908
2,3,0.932207270770001,-3.0131322062631,2,-2.97259435451962,1.61541441382431,0.665889357660946
2,2,0.858626963797041,-2.00770966413292,2,-2.77839331155946,0.32565671882776,0.862010160626821
1,1,-0.985376775346933,-4.01483156459513,2,-2.7085321192701,0.894376639985825,1.83439615804314
2,3,2.22510279360327,-2.65237252744265,1,-2.5835630434351,1.1809006962778,0.883792161271139
1,3,-0.523899910360631,1.0794879092757,1,-3.04768376592443,1.72667464206235,0.445998355613452
2,2,-1.25171323682366,-1.97540554346762,2,-2.99201252761867,0.859317723277581,0.481750531985723
1,3,-1.02243390509046,-1.92283071965496,2,-2.79722990725443,1.02310318650315,0.18187609596154
2,2,-1.06930849519347,-4.23367412993155,1,-3.25727308015582,-0.353860954304172,0.380970769724628
2,3,-0.065976481698644,-1.76083276983464,2,-2.89664966824139,-0.441862003555313,0.831023409479433
2,2,2.13565582821369,-2.15375855320076,1,-2.97560845562407,0.458580071780225,0.519799875679168
1,2,0.576235845999489,-3.81024958915002,2,-2.99960258427781,3.43773557951198,0.575147996605707
2,2,1.2486756687129,-1.25326379243646,2,-3.00678298435339,0.364257261702754,0.0628306915273147
1,1,0.450099084143918,-3.50881583084872,2,-3.08037432944834,2.7187400075311,0.814267335512801
2,1,0.452410470607655,-3.2971954607737,2,-2.84552915048899,-0.667742542507819,0.41420305833687
2,3,1.02466280635134,-4.37223161874608,2,-3.41286401208014,0.134230411864793,0.662060593379025
1,3,-1.12940458787654,-2.05886964193144,2,-3.18118571930851,1.77955743349398,-0.454155221377001
2,2,1.81859907186898,-4.05750642518977,1,-2.67788314117616,1.97562591388824,0.0882810104044575
2,2,0.855969015188353,-2.6162512378158,2,-3.297540691226,0.93580576737004,0.473112764520906
2,3,0.116167341002142,-3.45719465502623,2,-3.28955380637652,1.22848933718296,1.08838241414002
2,3,1.19780931508523,-3.3053207408039,1,-3.08604937315162,0.770242973347903,0.825633552586434
1,3,0.294286013068461,-5.67135626801712,1,-3.22446461246259,0.452973831922481,0.584753376721485
1,3,-0.853299174118193,-4.91527594927549,2,-2.69921155652711,2.77397318297839,0.161842686611546
1,2,1.10504927351491,-2.29763622632123,2,-2.97750048945713,-1.17975478705844,0.305156944434181
1,1,0.8155116423539,-2.71464477760563,2,-3.14823140027543,1.39904541167392,0.281574201430444
2,3,-0.0682116992722125,-3.01923376785641,1,-2.92550193384956,-0.0253267847908492,-0.0469026871091619
2,3,1.22196972797984,-2.9334442264439,2,-3.08841992712686,-0.37998983930563,0.412605886527273
2,2,1.15677985288275,-2.95928383018312,2,-2.96653875095569,2.48594971880652,-0.0670826108920758
2,3,-0.141837645952984,-2.53631053093189,2,-2.74243428213107,-0.631361845938353,0.827163159116473
2,3,1.3185013440532,-4.21725501347329,2,-2.88208207967634,1.59865204916048,0.215126617893035
2,2,1.58892080727484,-3.95774245732747,2,-2.71650288064186,1.45826263670497,0.426550310959671
2,3,1.40004476991007,-3.16636162092789,2,-2.78727471825821,0.546976688337779,0.669513292383377
2,3,0.499984057747376,-1.93016178198513,2,-3.47244687927768,0.77565066066077,1.3665547886489
2,2,0.96617993690669,-2.25677159944954,2,-3.796869527474,-0.645152629394349,0.649973688873511
1,3,-1.15641347687114,-1.42924763399974,2,-3.51745548152109,1.66604326855271,0.183776919406147
2,2,-0.656554956875772,-1.84468879837046,2,-3.04374390499664,1.39009613825166,0.067049007634747
2,3,0.753833405664923,-3.06614126491831,1,-3.22711233406944,2.37155161929382,0.474665138471519
2,3,-0.793651161575892,-4.16544011146702,2,-3.10277257933548,-0.135498151254096,-0.0350628712956297
2,2,1.18953987412857,-2.32981807219388,2,-3.02123727376177,0.390523221847339,0.39984568430026
1,3,-0.0724387016408292,-2.44517499231636,2,-2.95701022311454,1.02302688464861,1.28441004388057
2,2,-0.0767479395194992,-4.07225957686594,2,-2.55615649183769,1.37998421196911,0.308100438849643
2,1,2.3954824670854,-3.00108234997713,2,-3.10100489559128,3.70980264537637,0.248398589310189
2,3,0.888195775295589,-3.1395526635899,2,-3.14388566559884,1.70743548332884,0.653524479366367
2,3,-0.357088008926976,-2.5993336813253,2,-3.03827893817798,2.63908052720991,0.798937850277282
1,2,1.2638774127401,-2.40317066919521,2,-3.19764038556928,4.50567208248242,-0.225880686860232
2,2,-0.116214514015744,-2.11773001507312,2,-3.00568587521259,1.11487388203564,1.31098052710997
1,2,0.391881308901347,-2.15045076282014,2,-3.22263159084846,5.59231840151952,0.27491867636534
2,3,0.724939882061615,-4.66303838711373,1,-3.17905898660234,0.495096764350136,0.796831289879741
2,2,-0.00125436849639005,-2.72809981341419,2,-2.97859038384477,1.35830139184747,1.01363784254621
2,3,0.599439047170718,-2.59600525599291,1,-2.52939228826896,3.71345233955248,0.679385801317728
2,3,1.27551675320223,-2.50424036210058,2,-3.54337572011368,2.88353542163621,0.00647917491668037
2,2,-1.03478664004656,-4.6525637149467,2,-3.28911428176182,1.35750840489699,0.454693368482653
2,3,1.3167672322748,-4.43964131815771,2,-3.11829653570795,0.973205154377276,1.21462484714457
2,2,1.68740168076366,-2.36645485212382,2,-3.03163627684322,-0.55648679344143,0.378210234273661
1,2,-0.147313408209423,-2.85509736953876,1,-3.00985880106546,1.65122582560874,0.184592465463782
2,3,-0.613568068185712,-2.85931797288934,2,-2.75705796262044,0.377923543745841,0.565957887164957
1,3,-0.0239865187819918,-1.78641472220935,2,-3.07187546278416,1.95961144908072,-0.351888226836489
1,1,1.14655367822463,-3.00022036700048,2,-3.21532704865597,2.64386257692041,0.516857330712106
2,2,1.86009512233724,-3.42895213131373,2,-3.01077829072516,2.54680517140651,0.446992204600463
2,2,1.34898670405916,-2.67311461707536,2,-3.06362794840846,-0.709618597259187,0.216817148567027
2,3,0.551192096162284,-2.29865261657855,2,-2.82958514457347,2.50067472289066,0.864685166739118
2,3,1.04569858487884,-3.05849791695211,2,-3.18938125906593,1.96477822481807,0.185560054362844
2,3,2.27915866081322,-5.03050034252,2,-2.87461025795115,1.93667191757353,0.900092945104807
2,3,-1.17542429779438,-2.26589272088325,2,-3.22745565258263,-1.9424460024405,0.91030629318032
2,3,0.973641563260078,-4.31663470449624,1,-3.0649745864898,2.08665052912531,0.520301945592038
2,2,0.527844397838214,-1.24678800245761,2,-3.01106269392041,-0.248701375202357,0.59902435470034
2,2,0.425701231098383,-0.751408941043179,2,-3.12200916488743,2.82792504746595,0.73268902600952
1,3,1.43568912256552,-2.90719178601862,2,-2.96710923229157,0.759143868039448,0.525248571402857
2,3,0.432110080215933,-2.59174636121501,2,-3.23842975620655,0.553550870479704,0.317490472267409
1,2,0.623030094678052,-4.72623575124535,2,-2.56928903600312,1.83257248331922,0.0536677859415284
2,3,0.0882696664921199,-1.65134117254637,1,-2.85678952556888,1.7969122656261,-0.138391957694751
2,3,-0.259041736876489,-1.97414582359315,1,-2.97564615802689,1.97003828131424,1.15932709343777
2,3,2.983200512937,-3.2532097245738,2,-3.03204406702279,1.48280097412216,0.089246167817085
1,3,1.10745611767315,-3.29261204109118,2,-3.09975724371229,1.04673417641254,1.1446306013787
2,3,-0.794442463361999,-1.49085554641369,1,-2.42843253782475,1.23397432804202,0.645645503035142
2,3,1.31884823161236,-1.83733375553008,2,-3.10121172023979,1.99847538637544,0.399232509668559
2,3,1.59414868277654,-3.55650668564146,2,-2.8581708043875,2.66967654741857,0.513093579812732
2,3,0.26891559665877,-3.63749643370907,1,-2.72519523860898,3.52306227026344,0.638433331071332
2,3,0.400233146019252,-2.29711729314895,2,-2.78879303732497,1.6392665592429,0.972920640446099
2,2,2.01420525322892,-3.17209856812794,1,-3.07453257295943,-0.637283373078823,-0.248160185383783
2,3,1.30072705644453,-3.53019984022275,2,-2.78309262583247,0.782752688649353,1.14846775683384
1,3,0.487999102931058,-2.21147090241495,1,-2.69510764659518,1.99249689892861,0.263637056522718
2,3,-0.336636004261805,-2.14648833409684,2,-3.18295538226462,0.435580671430695,0.402138015630686
1,3,0.995468833705485,-5.08759777229001,1,-3.13335857305274,-0.566039779099695,0.597649809200758
2,3,1.20036322839291,-2.52806700077312,2,-2.68887373078185,1.19895037369113,0.595327699726395
2,3,-0.171802328411244,-2.12353326530342,2,-3.31725371116963,-0.241834581077734,0.135063901725513
1,3,0.017749555388535,-3.99313457605219,2,-3.45237239391664,0.221033057844927,0.375371086359523
2,1,0.606456609145306,-2.68248492875896,2,-2.89470656755549,1.91107444527554,-0.135376167503102
2,2,0.0316799075853196,-4.48586221808904,2,-2.86524656861103,-0.128218961980809,-0.333394881088682
1,2,0.236918125609429,-2.88018191697149,2,-3.17860213621042,0.0562499573335118,0.628714790622365
2,2,0.502766023415161,-4.55997154742191,2,-3.29504200282594,1.03554760784411,0.546834101384948
2,3,-0.27262431715872,-3.97370415472197,2,-3.4764577993408,3.85890402192836,-0.558288704827141
2,3,-0.566013618300905,-1.9042797390669,1,-2.93703819508397,3.49922479219422,0.703296558221205
2,2,0.91045741418039,-2.93704131038893,1,-3.71370725405599,2.14079956961385,0.355393674960805
2,3,0.154319531858538,-1.14892494755262,2,-3.21868591454768,4.57488462311902,0.250716314973484
2,2,-0.63371949306533,-2.64836649751704,2,-2.70584248105798,2.5115925348562,0.36755742338232
1,3,0.343739678123579,-3.40933476173874,2,-2.75856159959909,4.13765154912097,0.873248356969938
2,1,1.00708395961413,-4.45997454588623,2,-3.24129003329664,2.93114996342675,0.99306184457102
2,3,0.323176616888195,-0.956199420444082,1,-3.20497927432474,3.03425257897144,0.610429898957088
2,3,0.82484853259246,-2.93337694353432,2,-3.50953244511227,4.38505985019724,1.09889052822621
2,3,-0.39309155979428,-3.81499742831336,2,-3.0543284506269,0.959794799980659,0.0406262017368798
1,2,-0.194003519358847,-2.66951926452999,2,-2.69038802822621,0.73422635113956,0.549322213171551
2,3,0.442843351445134,-0.797753956964615,1,-2.59629036572152,0.335249557969075,-0.617667582490286
2,2,1.85750035448174,-1.88976739211903,1,-2.6290138794412,1.64751505851096,0.356032036467466
1,2,-0.173897540001726,-2.85828581079228,2,-3.29870483399674,0.870965451190446,0.582757116073779
1,3,1.19744073177145,-3.46089763765103,2,-2.83709990350511,2.25038745904417,0.255057352323399
2,3,1.37560984602537,-4.0986505570908,2,-3.07966349738478,-1.37273164658279,0.965228462136326
2,3,1.80071013931463,-2.00251370407075,2,-3.60571472490857,1.13378919361486,0.603515529408613
2,3,-1.19551999969081,-2.42687278061946,1,-2.94496605922295,1.42057353647168,1.20944160305193
2,1,-0.0786991458636003,-3.34176440314242,2,-2.87578956622468,3.91239614790714,0.928741053618718
2,2,1.07474059790367,-4.69190942233677,1,-2.82453200209549,2.66270982181832,-0.0275833538047742
2,2,-0.0470514262076853,-3.22418397731983,2,-2.89178448460552,2.56279118530037,1.42048211262499
2,3,-0.00152096705808624,-3.67191969976245,2,-2.77623505496196,1.12899861220451,-0.085804000353838
2,2,2.13885457260882,-2.41414748995971,2,-2.76010565347269,0.980579244846258,0.567923508940648
2,2,1.15467680237964,-2.65359537426259,2,-3.04849521258891,1.58891627052583,0.733280962536267
2,3,0.934214046868239,-4.55043007877506,1,-3.04132504397566,0.672783655659887,0.207751834038383
2,3,2.19876804905204,-2.81954963777788,2,-3.18733447014071,2.60043812166773,0.830106807816036
2,2,-0.365246179918108,-3.22719694508319,2,-3.24303107557992,2.48849632160656,0.501100794855503
2,3,-0.303471481165179,-2.51775225210402,1,-2.87101783308129,2.71038741749486,0.612182566700744
2,3,0.563687058488311,-2.38069556053662,2,-3.07324916049377,1.8510561582312,0.0700962353706799
2,2,1.84887690559157,-3.33657300015401,2,-2.76328642330688,4.42574683608328,0.522495379197033
1,1,-0.192287477456245,-3.03105577389889,1,-3.35236364879071,1.01289564422942,0.817688852200975
1,3,-2.14481179180712,-1.5662174807465,2,-3.18593276815641,3.15967934893586,-0.321901848641107
2,2,-0.472317381075515,-3.80528970979765,1,-3.3326104093269,-1.4747710678125,0.523296672783545
2,3,-0.961296435814296,-3.59044997939963,2,-2.91441391964108,1.54902035390099,0.905516137551103
2,2,1.64770252764421,-1.42067441514804,2,-3.0881057964689,4.59401383104091,0.0844438599418629
1,3,1.05507414612847,-3.11467335027544,1,-3.11906928474402,3.79087750112983,-0.0373400453227684
2,3,-0.558395878049099,-2.0996986658068,1,-2.72981272685702,0.201066828698084,-0.0200224812191998
2,3,1.78533198754138,-1.00202531176291,2,-3.13064607756328,3.29515192199669,0.37999877762142
1,3,0.770629153109112,-3.705910998193,2,-2.78865092024908,1.69312671547903,0.878427866864051
1,1,-0.33154402124958,-3.3267508253735,2,-3.05862389187305,0.103821078605561,0.888997175309491
2,3,1.3073677077168,-1.655596764569,2,-3.26953949453428,0.0139040042417595,0.214698588843752
2,3,1.35028525728388,-2.6221973216603,2,-3.27744208364686,1.82540511205873,1.10846949785915
2,3,1.81410670010772,-2.61695636500595,2,-2.98549647264071,2.64281827458966,0.401971537332957
2,3,-0.795722666213297,-0.521223881597847,2,-2.84985739950371,1.33435670554678,0.521503327085654
1,2,-1.6487314920668,-5.10225641686668,2,-3.184468446588,0.533775223495265,1.00402141178948
2,2,-1.30089256783135,-3.54477257563541,2,-2.9608351739965,-0.985227474371607,0.656649368113706
2,3,1.17028467420088,-3.697392234003,2,-2.97260405279851,3.18292665956436,0.729852163828754
1,3,0.936200165638687,-3.00356978951054,2,-2.93833355439423,1.50396692978523,0.770601360333377
2,3,0.301027770111609,-1.68789204073201,1,-3.26898865325119,4.34156392389426,0.92835668952335
1,2,1.05868389381347,-3.14822895853303,2,-2.94730246370636,0.563832463942144,0.791397595538078
2,3,-1.37900364294547,-3.82771592871667,2,-3.26300616525995,0.797568964625073,0.624350915507916
2,1,0.508421644256981,-4.07208566939163,1,-3.01526272442296,-0.159217037459291,0.887534979993558
2,3,2.45666384359158,-2.38965596640069,2,-3.19110505141292,0.463156906958897,0.572623942242181
2,3,1.12602194104823,-3.7575940781229,2,-2.92467130604472,2.87392671212978,0.0245917414932323
2,3,2.15164888495009,-0.726524151172439,1,-3.13396443945108,-1.58464145773325,0.828038083411439
1,3,0.489503790909169,-2.62746404320767,1,-3.08294903159892,-0.148391378371294,1.13243893928796
1,3,-0.102954940057282,-2.98594524772248,2,-3.21983339550288,4.07410051199556,0.539566868087736
1,2,0.198675769649683,-5.20977381532914,2,-3.18238247312209,1.54322297674867,0.478902693179134
1,3,2.04833429408449,-4.13822647460753,2,-2.80971042921417,-1.20990998646773,0.431145600778389
1,2,0.0691834931795,-1.92729684435279,1,-3.10061993785308,1.50648849349913,-0.240326753800408
2,3,-0.0167599469008315,-1.77222333616177,1,-3.14961415685439,-1.98009756585517,0.791392618014323
1,3,0.666319006424866,-2.47074696640712,2,-3.25311330007052,-0.26554291233411,0.660509457603574
2,1,-0.0872517380690715,-4.427645424684,2,-2.81226658221652,1.07712106251101,0.30685765346738
1,3,-0.454601380442916,-3.49268402634251,2,-2.90815914118822,-0.407257812707458,0.169731600819017
2,3,0.873120863197045,-2.88567761073371,2,-2.76578719554723,1.33415335545934,0.800381964520817
2,2,1.00519927487105,-3.75858496063206,2,-3.20801225643445,3.49178643279047,0.194837070779404
1,3,0.674542703327875,-2.64964367018135,2,-2.61183525234986,2.50389207488382,0.385430819733014
1,2,-0.346885414688889,-2.22778336328989,2,-3.06650977472837,0.589079647789381,0.504788354172069
2,2,1.57538543133287,-1.64385776156418,2,-2.75158296773678,-1.24155070600534,-0.287301672586361
2,3,0.319939194803926,-1.15587653066263,1,-2.8292159742058,2.09130985176056,0.67373266785984
2,3,0.345352397988334,-3.34221742391626,2,-3.0886492815392,1.78973589433965,-0.0887030843270762
2,3,-0.132965117919693,-2.61202345557773,1,-3.09574439398473,3.57228321735123,0.181850334460699
1,3,-1.80892919208547,-3.7900632279975,2,-2.87619906258156,2.30136701390105,0.758787747835937
2,3,0.0754628302682203,-1.66197838469801,2,-2.83575847726687,2.28176994103451,0.104740872067334
2,2,1.69421598764134,-3.26074112206169,1,-2.73132616243053,0.250796671202624,0.0948691403938386
2,3,0.78899992656847,-2.36525542438462,2,-3.2300928602643,0.59235861708529,0.862765627550529
2,3,-0.332147065919312,-2.04858244905604,2,-3.22816785097072,-0.0447121381974116,1.30356973156992
2,2,-0.0900174151786073,-4.35673669470319,2,-3.43190453485731,0.0673182823721648,0.676081669440834
1,2,1.28517487571635,-4.23989068388523,1,-2.95484684568413,2.89735110906296,0.592780117219737
1,3,-0.717981423192476,-3.50235502478819,1,-3.00290005747449,1.57400194206839,0.433468987981166
2,3,0.677014682759661,-3.36800485033634,2,-3.07935413263455,-0.104886592535967,0.436770083048873
2,2,0.667607328431474,-2.34930031786367,2,-3.39102331116981,1.1493850458834,-0.295478405707236
2,3,0.933369922047699,-1.97613233547312,2,-3.43826330646178,-0.87505296962593,0.35669743490343
2,3,0.178013916479487,-2.89494643851506,2,-2.82409278193226,1.81713912868985,0.980076161706781
2,3,-1.54967972502165,-4.05119595416111,2,-3.20355771469291,1.45128814292485,1.22211080203018
2,3,-0.0356861836743253,-3.44716201343521,2,-2.76373518183464,3.68625400888372,-0.0499395275412907
1,3,-0.43231613896174,-3.18979867663606,2,-2.74722663419508,1.87895726749598,0.621166136515909
2,3,-0.971581709168801,-1.39483073494057,2,-2.9026209386451,1.34930166684251,0.313032003317044
2,3,-0.28963469116727,-2.53790989481894,1,-3.04484161447634,4.39426133987366,-0.10290020103297
1,1,0.470165360036467,-3.65929578409164,2,-2.79562836052638,1.75153191062579,0.376770711597452
1,2,0.481090146729246,-2.3323848104397,2,-3.25704941850212,0.951597637768357,0.638462388338677
2,3,1.69254011257698,-4.01271611578935,1,-2.94243052697007,2.71058108016413,0.392950428998779
2,3,1.78768207920887,-2.12542885656273,2,-2.98615385972559,1.92507396768116,0.575044390835333
2,3,1.7882209866096,-4.22822825775734,1,-3.13310775575374,2.8812073257598,0.0837828478751633
2,2,-0.385111555558421,-3.17351540271973,1,-3.0753755572462,0.13059669111219,0.0290521886190423
2,2,0.959633993373502,-4.13764140430171,1,-3.157136921772,0.571061711832987,-0.139678212884747
2,3,-0.407804714490186,-2.42309492880435,1,-2.28326046843134,3.80456503998814,0.33642284228577
2,2,-0.117587988488713,-3.55354443264371,2,-2.69152885251561,2.39841075927527,0.635470068725831
1,3,-0.991922338258537,-1.47197871880835,1,-2.75870271768293,2.5879665559433,0.183834575854901
2,2,-1.46768003368657,-3.51199081377069,2,-3.2839467576928,2.40945945425587,0.283078828362548
2,3,1.20267827455261,-3.62471234078586,2,-2.89838085019673,1.90599200295192,-0.145526074399676
2,3,-0.224277395250957,-1.91168860749022,2,-2.90493531516257,0.56801682605658,0.47034829046417
2,2,-0.200359412585246,-1.84892936501336,2,-3.31832236676222,1.93261168807989,1.13177997164308
2,3,0.44482524058623,-3.95739991622032,2,-2.97365312633632,-0.123948317439744,0.251232243443056
2,3,0.183560120104776,-2.20198148211741,1,-3.15376356138683,2.07500376705551,0.988621107831865
2,2,0.233047066001136,-3.22673434758923,2,-3.67534232496852,2.05572627442803,0.438620721271065
2,1,2.00585670426356,-3.23161272304065,1,-2.95138313357111,1.76690633505988,0.509951331126722
1,2,0.261062040489965,-5.11544682655243,1,-2.98617259508464,3.83855921054129,0.415208118665341
2,2,-0.0401069736306179,-1.47106318298959,2,-2.99704473227376,0.416421266722082,0.155039636812232
2,3,0.0417256582653558,-3.39825552397832,1,-2.65142449537687,2.35822046527916,0.75270030182919
1,3,-0.153591842739595,-3.31357988254661,1,-2.97233279690032,1.07588651825607,0.647256682242239
2,2,0.753454459411183,-1.79963935694883,2,-3.25759115343043,1.59438201924778,0.853570845869819
2,1,1.21548388549012,-3.53573176922137,1,-3.01377685895362,-0.38183779174953,0.945068628737582
1,3,0.38323554458432,-1.44847355671151,2,-2.74971510521749,-2.19996502613222,0.265457997371737
1,3,1.6388991404471,-3.68647347255808,1,-2.64265198540745,0.700766130772795,0.719702810646639
2,1,1.94090343408135,-4.41760250812192,1,-2.78467068534349,0.853561211529401,1.51249503252396
2,2,0.750856324625478,-2.71519929300884,2,-2.95457753451635,2.23522745088616,0.38456449821131
2,3,0.0124080474557637,-4.75718146363826,1,-3.2168955935183,3.26755230024495,0.0786258170605174
2,2,1.02492821770632,-3.00173322098605,2,-3.11814555494871,-0.217139092374715,0.976435673606904
2,2,-1.03259194967624,-1.43652138296475,2,-3.71947699021521,0.452843866970999,0.560808344423667
2,3,1.16626321225937,-1.93491769963374,2,-3.09437069567718,2.82609245864655,0.171415362414871
1,3,1.19029268792207,-2.88460168499692,1,-2.80906087499016,1.97665959555372,0.366169882387719
2,3,-0.696056593187626,-3.30974881647459,1,-3.13943194530603,4.00407068544733,0.44431649252257
2,3,0.563413172306911,-5.08787767508956,1,-2.92202534122984,1.33168646278894,0.167754957970755
2,2,1.48207601394457,-2.02356290695473,2,-2.47499701927026,0.720931982750093,0.756635948446683
1,3,1.77890417748299,-2.10647299984917,2,-3.25572385008011,1.03327480261584,0.312679386744437
2,1,-0.0564973127343545,-2.89928663539701,2,-2.66009740771955,2.25383058819396,1.10868458751981
2,3,-0.590299520516281,-2.37044490394906,1,-3.29747348082843,2.0648439025158,0.372196323478246
2,3,-0.121844194477182,-0.516075086315464,1,-2.6506805362516,4.54845970929241,0.252923307672207
2,3,0.895778815579339,-3.26063682131364,1,-2.91572591323608,2.10440604303009,1.13418906931302
2,3,-0.506273763744782,-2.9589101345148,2,-2.64136180510469,1.27107644894261,0.907864072747276
2,1,-0.936737926790634,-4.30386412625802,2,-3.12947400605325,4.0439777789104,0.183748165204574
2,2,-0.580825821623631,-3.30899724904158,2,-3.39843112018513,1.82902813569586,0.19515211571349
2,3,1.17512575375804,-3.95118068414239,2,-3.19867522731502,1.56119345287552,0.0700653675903572
1,3,1.31291762839722,-3.55792986614992,1,-2.81430491597595,0.788739246692382,0.132792575746638
1,2,-0.199343458459548,-2.65501976446163,2,-3.22300490093126,0.181217406210146,0.0329769850828756
2,3,-0.955418176788567,-2.35570933892358,1,-3.00616416769613,2.16077160637343,0.17429346329831
2,3,0.0740764166548908,-5.57720972649018,1,-2.95385210134335,-1.91280565304439,0.444373180510812
2,2,-1.64988715897918,-4.16539029972224,1,-2.91616492188572,2.42387480981741,0.591858075346748
2,3,0.962779973561684,-3.70779230969039,2,-2.92525050313864,2.72342848821776,0.09080388846939
2,3,1.61353400677509,-2.95755210584651,2,-2.91537266703051,0.202428577165681,0.572645063196293
2,3,1.77889697655889,-3.21717737905964,2,-2.94481048752546,-0.313722535399851,0.4189904018826
2,1,0.941621596916602,-3.29028734996484,2,-3.12634032819784,1.59776065784878,1.3582096905047
1,3,1.67810492705519,-3.33764675066617,2,-3.19289378298273,0.941537435357211,0.224522135301724
2,1,0.0476752489193085,-2.85001712676824,2,-2.65556683203562,2.77821374112165,0.240894159007741
1,3,2.57761192845312,-4.00836200310444,2,-3.115528001821,1.11457579499865,0.969329674083052
2,3,0.187638118597662,-1.80588614734614,1,-2.53339371792552,2.44365469054607,0.521892060533723
2,3,-0.323913026035082,-5.53069045232006,2,-3.03165350415348,0.927479484259824,0.0268982041593573
1,3,-0.216778530564495,-2.13749156410419,2,-2.93331458471526,1.98808689102668,0.907602173777799
2,3,1.31571629419684,-3.8619580465578,2,-3.19620328161683,1.4270919825225,0.17559247436019
2,3,-0.276220448433151,-2.18020654646271,2,-2.6879038720272,1.06467578952443,0.891028393266627
2,1,0.505578914366547,-3.19751183561186,1,-2.83921755398593,1.55665647389683,0.774810798542916
2,3,1.38785989789835,-2.98154765712879,2,-2.71465119550721,1.69923150656356,0.22600657840885
2,2,1.29838322627971,-3.32221365708263,1,-3.107509268235,-0.127729061926674,0.291689522274056
2,3,0.733110233211393,-2.68138431092782,1,-2.7415934685023,-0.38553115516514,0.445542251833988
2,2,1.87682627046816,-2.25920435756341,1,-2.70132827355491,2.66699472153863,0.137992033761263
2,3,-0.343777918367285,-3.35968387655844,1,-2.89007731046584,2.74333293258733,0.250673989034739
1,2,-0.619589135346193,-2.63491702296871,2,-2.91525627023412,2.38210506820749,0.384396437066819
2,3,-1.50432960052309,-3.45622354585604,2,-2.78863010043993,0.173567793423303,0.147520180260399
2,3,2.01259926104385,-2.49594335199953,2,-3.1361993000004,3.13512866527802,0.081407589099209
2,3,0.49051172044319,-3.21560156421668,2,-3.13875814483028,1.28895598029941,0.199006668935493
2,3,2.08872195054094,-2.51700729377479,2,-2.8644827815489,2.54254912062836,0.422342779116498
2,2,0.924361093699998,-2.56905382332327,2,-3.06451029537997,0.712941587318827,0.559019583225255
2,2,-0.558762775828906,-2.23331805551287,1,-3.24023773621854,1.58267597327272,0.569630145266819
2,3,-0.139452522447419,-2.06177176256747,1,-3.22497419760502,3.61721144131571,1.05246767137134
2,2,0.0999331998411751,-0.843497121273376,2,-3.35417074981461,0.579537617404843,0.0236104118048445
2,2,0.921374194461073,-3.75766145152166,2,-3.16042083691819,-2.23644741339665,0.328588219073078
2,2,2.00757516624845,-2.75101539405472,2,-2.67373390694295,1.43085700149111,-0.204869066771268
1,1,-1.18173542540851,-2.79504215119438,1,-3.16496772115667,2.62412545079985,0.609082917727359
2,2,0.234303964077871,-1.51042014634599,1,-3.15091598188005,3.02885172960379,0.592307028625402
2,2,-0.408069792252663,-1.27720582765877,1,-3.3437242156805,0.0571900810000898,0.513125019780764
2,3,0.796455332547252,-3.79911794362619,2,-3.20240872543975,1.67126209815629,0.630278147902173
1,2,1.62879563795283,-2.93428389220081,2,-3.13561036361273,1.13865472075824,-0.174240973340273
2,3,1.970974042993,-3.16585471548301,1,-2.98859528037717,-0.0327830154700273,1.03078580346283
1,3,-0.557804221423035,-3.6515234146409,2,-3.45801368568722,-0.588842594281481,0.922989220949638
2,2,0.513863866927176,-2.64963621128945,1,-3.17250157702563,2.12452225023672,0.718673004927009
2,2,-0.485943370333343,-3.1349412461061,2,-2.76165609961069,1.53744689967134,0.429363012693151
2,3,0.4189915222652,-3.38882007336737,2,-2.68553001186522,-1.20300848087562,0.293161507628856
1,3,-1.25998412147772,-1.69870053964932,1,-2.92587961935355,1.60387284698833,0.46688834577596
2,2,0.580383081279387,-2.93884064441586,2,-2.86324062759138,1.04946438478617,0.0601199422152708
2,1,0.102760715548015,-2.84167600389056,2,-3.32593011571344,0.53292737166015,0.428282143364547
2,3,0.726823984007456,-3.94571502147386,2,-2.60198685190595,0.654200668023616,0.396908502479379
2,2,2.59974117027365,-3.93618099232914,2,-3.03290050430411,2.19095071567075,1.08499084117035
2,2,0.99749666064684,-2.59730332144278,1,-2.55241385951015,2.81577912882283,0.444340771252707
2,3,-0.604367605590216,-3.86270557085854,2,-3.11332962474752,2.75893756811592,0.649197910058097
2,2,0.605628512904691,-4.90343786440255,2,-2.70461306807795,-0.793324794701898,0.689374240381691
2,3,-0.733013892033813,-4.17464353218681,2,-2.8617116930407,-0.0580341268506448,0.672331851598382
2,3,0.785419243653451,-4.32652160660125,1,-2.20379867521901,2.59685175134188,0.729598027393669
2,3,-1.34649144114786,-4.98923145958508,1,-3.05168512118769,3.13925448073415,0.373256765896998
1,3,1.07736883300234,-3.40087129874498,1,-2.64844011820406,3.90354998081591,0.529740548005473
2,3,-1.71623739036283,-4.23779403660793,2,-3.01106411712583,1.89752208634043,0.321187736971429
2,1,0.449878468261113,-1.63263685441358,2,-3.26793148610144,2.72187676359579,1.06525385804751
1,3,1.10917148544208,-3.13036212647616,2,-3.01915382756059,-0.0833846444926296,0.424040998915959
1,2,1.19360063390474,-1.57836109307213,2,-3.11403930634426,2.59893416197702,0.406609825069914
1,2,0.96928365051946,-2.80611479624371,2,-2.78001062573165,1.77251103721145,0.703084427949124
2,3,0.358334115110036,-2.78665351657754,1,-3.15357373449846,0.836263152145012,0.239566948756797
1,2,-0.271265281192573,-3.00919207859039,2,-2.80708303039894,0.64904665689117,0.94302643822166
2,3,1.41119980614654,-3.52383721574419,1,-3.34245595612261,0.0133888678870349,1.38785063328417
1,2,0.754574840130072,-4.61937358123568,2,-3.07051559958522,3.71311480004569,0.46913949644649
2,1,0.371912636078444,-4.73530016080828,1,-3.00021660721505,1.84888355352468,1.33419691508663
2,3,0.0895557207161834,-3.51161284389073,2,-3.3114316852394,2.2736552388887,0.292629897203043
2,3,0.0941261770692817,-2.62093469191526,2,-2.98269362761218,2.0055281925827,1.01067510226729
2,2,1.88294618250256,-3.37897006960039,2,-3.12799974816547,1.28214117975464,0.761351413248682
2,3,0.33449964235596,-3.48207495172607,2,-2.96157932263615,3.43425746393622,0.321397915446071
2,2,0.527566642613588,-2.12059732170786,2,-3.31789936566508,2.37747058789884,0.0144161104753335
2,1,1.11608826072751,-3.17426096316936,2,-2.79701804644924,3.58945407325998,0.88388295794011
2,3,0.468195412387351,-4.72322447106135,1,-2.90683633367377,2.06890023759604,0.0663063895620228
2,3,-2.20221519859718,-2.62553194074139,1,-3.58058855047033,2.37714301323026,0.896762988969694
1,3,0.632643852827299,-4.17727290740222,2,-3.16351677981052,1.72918453447886,0.25725129805673
2,3,1.15415549392551,-2.76073745711046,2,-2.78558776504269,0.546780233055441,0.711188803075299
2,3,0.807863407608967,-2.2194719065921,2,-2.5694231638086,1.78091173192866,1.06356296097765
1,3,0.306871809223796,-2.15320666170087,2,-2.84554759603273,0.702716212578044,0.822187763297576
1,3,0.820169015477412,-2.54727738033656,2,-2.96158786426892,-0.0441960670770225,0.350954533683257
2,3,0.13459197029398,-2.45359460423787,2,-2.86530940820137,1.52512203710549,1.02496428586077
2,1,-1.61652894632655,-2.77437453022093,2,-3.49168983617314,3.41966838274369,0.368642195051706
2,1,-0.811059662589451,-4.4737184164079,2,-2.91837787975874,3.88488417790742,0.338794152876851
1,1,0.473136276511811,-0.926436897352846,2,-3.25664076600854,0.463502068830055,0.663327505614663
2,2,1.53126579559848,-3.03550603481887,1,-2.89432227905212,0.767712415954373,0.135418421203921
1,3,0.811656235643246,-4.05062601665459,2,-2.69723764379538,3.4153173248918,-0.00929493062830855
1,2,0.529094690972569,-2.89015311369215,2,-2.81330323257491,0.98497832592258,0.148553215617576
2,3,0.728918402167874,-3.37249220072957,2,-3.07688269216519,3.35657238384284,0.244244685066159
1,3,1.1975780837693,-4.36013991028044,1,-3.1560625857052,-0.0693794815383244,0.720756472123266
2,3,0.853722793909485,-2.6290711810275,2,-3.24699394174772,2.46820082052507,1.08527784581852
2,3,-0.893745388665803,-3.51351279780801,1,-3.38342242472139,1.45444560334309,0.915234429652709
2,3,-2.3298932041659,-2.68193721434481,2,-2.91190155301024,2.78414695080449,1.08755179348106
1,3,1.12352155703061,-2.77839739767978,2,-2.73963564060674,1.9084219522218,0.69441158885206
2,3,1.46643069800339,-4.00929666927583,2,-3.1671724218787,1.08448068752055,1.01652377111919
2,3,0.676752692720242,-3.00368818461957,2,-3.23133661206397,-0.425309199030174,0.36016369739932
2,1,-0.000638768193141792,-3.67092200725198,1,-3.07870275588433,1.37330145259419,0.850282499188914
2,2,0.585866688077429,-3.75064143295199,2,-2.99364561815371,1.20621794997479,1.1437432886555
2,1,-0.14127732943221,-1.98415783115331,1,-3.09884105408766,0.543033669991783,0.171889776374954
2,2,2.52014216119136,-1.45229216454982,1,-2.9265483958271,-0.218943760459958,0.841192524400986
2,3,1.10765775837331,-3.1092457567663,2,-2.97678380539726,-0.426770675463682,0.456411097982178
2,3,0.0164960709510967,-3.10812910147472,2,-2.76231760588347,1.68665257437858,-0.0764775183919725
2,1,-0.439556083224734,-2.66784981356709,2,-2.59456239565314,1.64515452780422,0.415713747017348
2,2,0.299891918042763,-2.6174345771989,2,-2.87914437151367,1.41257710922889,0.344792678827541
1,3,-0.228468606146495,-3.20080761601772,2,-2.95544315620486,-0.831082413680958,1.17524941384748
2,3,0.666988823039375,-1.78785513147342,2,-3.0609307913519,1.50762866710033,0.411286406828456
2,2,-0.673535789844856,-2.1610999229936,2,-3.36185724959848,3.46216343334794,0.601338076875495
2,1,0.239479536971535,-4.55767628412894,2,-3.13472639855694,2.26528960965785,0.849470971481339
2,1,0.976395659304836,-3.59574090118247,1,-2.82659711453996,-0.171090623875386,0.392830977550515
2,2,-0.151047664016579,-2.31070354351032,2,-2.97721485326513,0.777375361984705,1.11575779397915
2,3,0.341810111340521,-4.65607738628196,2,-3.13618615669003,2.62910595016567,0.375349722765733
2,3,1.85674973664558,-4.68969477969923,2,-2.79110388981224,2.94444500020454,0.640321774808185
2,2,-0.917245837039024,-2.00038758963276,1,-3.28277489984848,2.01773215511554,0.878109316492655
2,2,1.35516385207782,-1.85016864582149,2,-3.30671689543582,0.732558921645997,0.542367749133222
2,3,-0.549667695119981,-2.47196481858792,2,-2.96663604519054,2.15240160130508,0.40749461226187
2,2,1.4361296246905,-2.07350140516381,2,-3.20984455017565,1.4180979997262,1.26389715591703
2,3,-1.40735421714357,-2.09037691126587,2,-2.86521865923315,-2.53554131895829,0.49629200987335
2,3,-0.0121015970043341,-4.70691904868122,2,-2.90772835752287,2.46366831731364,1.10423646594882
2,2,-0.726413093766777,-3.6336734936212,2,-3.10406243663183,1.77144572055486,0.505764249716085
2,2,2.46948006065187,-1.99349504338016,2,-2.79081405588542,0.891986324251835,1.10912564739268
2,3,1.06115058241458,-3.29081661085437,2,-3.08077821032803,1.30866571290297,0.342414596631146
2,2,1.69645976379309,-4.84301393298944,2,-3.22718506871175,0.947160542515302,1.04708311192088
2,2,0.5740781747321,-3.43919751891429,2,-3.29398520372757,3.92447771717916,1.37695249246332
2,2,-1.32310480802544,-2.15460704385954,2,-3.24153370788887,3.39444595531644,0.309417988372815
2,3,1.19813494504199,-4.21776163434524,2,-3.28957957725674,2.86278306035758,0.848148511572766
1,2,-0.558272552171937,-3.06936222132506,2,-2.53856700767585,-0.436276864220051,0.871544810858933
2,1,1.38249865293462,-3.30838474276953,1,-2.93807586287963,0.861462555267791,-0.327370936761687
2,3,1.69865729135001,-1.88434623690072,2,-2.7601074610612,-2.01292458686703,0.68580629733969
1,3,-1.02328266892853,-3.08069699324762,2,-3.20020368915014,-1.36887693564065,0.680108808579962
1,2,1.53737162662995,-2.35953184024904,2,-2.91209492243474,3.69293432063473,0.582866256185955
2,2,0.516407358057054,-3.75762048855615,1,-2.90492378125247,3.73598454443416,0.801156392647581
2,3,0.0959177738044192,-4.27061072644022,1,-3.07827722440369,1.4082754671742,-0.217653015164115
2,2,-0.237519068107806,-1.61674697310663,2,-2.99949724359206,3.62534732536309,1.11027411419846
2,2,0.878338357543856,-3.46419826564855,2,-3.03398675446327,1.68349162233572,0.988844524976974
1,3,1.63931101059473,-2.46614596782928,2,-2.92365252690621,3.64291075963828,0.0363900325315094
2,3,-0.502960274300749,-2.61007472256744,2,-3.56081934339451,0.11454478818022,0.618840732903393
2,3,-1.08877043341242,-4.10068369154131,1,-3.23081049053867,-1.20084262973509,0.506306115328922
2,2,0.726602269533854,-3.59434769013016,2,-3.08140506995357,0.799004886481306,0.0309141099402166
2,3,-0.677726109013531,-3.32489664510247,1,-2.94801847449206,1.57378109993546,0.996654022978463
1,2,-0.319865642185925,-2.65575814313188,2,-3.00976425787699,2.32299658602233,0.443851862337831
2,1,0.906143568149204,-1.27145438887697,2,-2.89090452206787,3.23214309523657,0.686736912032507
2,3,1.38451531461076,-3.10960846645804,2,-3.3663789591884,2.20451289128427,1.08745480061625
2,2,1.25727697932132,-3.20741332864635,2,-3.21541939195169,0.74474043982216,0.616773353416141
1,3,-0.0268489527020621,-3.22728180621144,2,-3.47422720581712,0.678455781186334,-0.31911876916387
2,3,-0.209025033977464,-5.49251789357048,2,-2.93951400103889,-1.06341609521081,1.37761609453473
2,3,0.264170852646525,-4.14607087830877,2,-2.74487458492114,-0.660989701275851,0.0310063221018911
2,3,0.170933223068296,-3.53334089057997,2,-3.46383519991085,-0.979117957013234,0.201481973055412
2,3,1.27396225723267,-4.18262115044688,2,-2.58099512890126,2.77386012578405,0.709873777967398
1,2,2.24547195325871,-2.89927299097029,1,-3.38721843646752,-0.409857017396807,1.18100604242588
2,3,2.11069563161031,-3.95563029627861,2,-2.93259220660493,1.91942462531104,0.748368591064384
1,3,-0.401127470133789,-1.20117251544786,1,-3.45751007309492,2.07565112499111,0.724714080595097
2,3,2.60020503648832,-3.35356384480327,2,-3.01292273473892,0.302581097619062,0.398256316590317
2,3,-0.489624254601497,-3.4379099539799,2,-2.97396390390769,0.377093829892611,0.701384921431753
2,3,1.47061299057138,-4.76993345187475,2,-3.18127207375033,1.60718371508899,0.478104977333965
2,1,0.513523387268092,-1.107353959648,2,-2.88992785876181,1.15296630241798,0.090955550573651
2,3,2.05858209962405,-2.42178814475763,2,-3.06731656832232,3.56151809732434,1.13437213687475
2,3,0.664279192729256,-3.25337816346292,1,-2.55118443428675,1.48032357520566,0.389785206100298
1,3,2.53383399135647,-1.51252304120742,2,-3.55511034557092,2.4448214706182,0.0826368200061143
2,3,0.720700402997955,-2.47416056684366,2,-2.73023182913069,-0.416371445987345,0.205974581181968
2,2,-0.47895457140181,-5.61313197960667,1,-3.26197891076574,-0.764848354956371,0.240100623598209
1,3,-0.13434400691246,-3.31087023894045,2,-2.91088160589625,4.01973982020144,1.20144004897492
2,3,0.353705941455387,-0.914083006097412,1,-2.77074315303407,0.0851889586809673,0.518329482880718
2,3,1.48991055475577,-3.56048450175902,2,-2.70686429474903,0.334774217249241,0.27337970704341
2,3,1.27876499415614,-4.58816561221896,2,-2.94764253448875,2.91373101284025,0.661604372382043
2,2,1.43433360079369,-4.40794954103135,2,-3.46178049097081,-0.580162714170942,0.646502446421381
2,1,1.056938938062,-1.90956047199331,2,-3.21371387421195,2.85835807484558,0.272325457427935
2,3,-0.496471823206085,-1.87022858743631,2,-2.92957964719501,0.723015080339408,0.27800945600593
2,3,-0.532487538670569,-3.57540666280799,2,-3.32588206689525,1.05109344544802,0.427915542469463
2,1,0.73945261610321,-4.62812142563727,2,-3.0847956742488,0.0882861163423649,1.41902650321434
2,3,1.0747884718114,-2.8431570671785,2,-3.28483245855107,0.421857095623155,0.703904301550558
2,3,0.941193550444372,-2.64803340662999,2,-2.94438947883732,3.59746914686488,0.458735001664723
2,2,1.03407868040368,-2.24333259676622,1,-3.32498745140699,0.872669124502329,0.30817738912235
2,3,-0.0517069908580057,-2.72561121263374,2,-2.66989387421427,2.53763514123692,0.275337863154507
2,2,0.161861789567614,-3.23089022667001,2,-2.85859926642244,0.616756469777863,0.397891878211334
1,3,-0.63133783274084,-2.25954696156144,2,-2.39318627309072,1.26958070359273,1.03446638448687
2,3,0.692450774556796,-3.80084486043458,2,-2.58491581939682,2.68151869003144,-0.0342657140862502
2,2,0.004548952429691,-1.72424531139226,2,-2.63185611770928,3.13503661286095,0.39981043112981
1,3,1.48212786209448,-2.60774434792356,2,-3.06466882864861,1.60903884579135,0.514059923376599
2,3,1.32505756546338,-2.73670635232246,2,-3.055560353452,1.33339850058337,0.539753442750205
2,3,0.0525092573935996,-5.22402883300983,2,-3.16156113020168,0.753633409711954,1.31139784579911
2,2,0.840890797094963,-4.97169078594973,1,-3.03943260957916,-1.2991393936214,-0.254280770678363
2,2,0.122015581381219,-3.06885763633263,2,-3.09839172626029,0.33751919385903,0.430922924255103
2,3,0.87770523250043,-2.40926853999188,2,-2.93667722555789,1.6399596654445,-0.0634022895424944
2,3,2.20320580823826,-3.36972199451083,2,-2.97220509420492,1.42015477114258,0.379825645001714
2,3,0.238803903070238,-2.22541073752995,1,-3.21174657815567,3.20938740430554,0.142048957487676
2,2,0.999947778920038,-2.24952084635374,2,-2.8665709514573,2.85728140957408,-0.142243342844397
2,2,1.67610978431147,-1.59029102566109,1,-3.42550123324831,2.70364286889851,1.0119775976307
1,3,1.30566418945032,-3.42096529951979,2,-3.00158424436343,3.01597610264553,0.109048199371564
2,1,-0.140043076550952,-2.02925991971911,2,-3.06743202440199,0.502520203814022,0.294060531526645
2,3,1.24575955363095,-4.39355479736247,2,-3.29460912182685,1.83558618482096,0.580469342308042
2,3,1.05468854706731,-3.82788097654992,2,-2.91872086996641,4.89828959176991,0.498756201452643
2,3,-0.790850571188576,-2.64195073022045,1,-3.48948482301702,1.14382488110225,-0.202408458442935
2,2,-0.19290141984648,-2.55444257471113,2,-3.07474348380568,-1.30598057743494,0.685253551801718
2,2,1.4349333735089,-3.43736315865345,2,-2.90113059638809,1.98816651463945,1.12550926803409
2,2,-0.200158285053913,-1.07966353331661,2,-3.46455456715311,2.06748069093236,0.280046023540565
2,3,-0.304241067453731,-2.28844513565432,2,-2.91220939960377,1.92133929160139,0.406591485348776
2,2,0.643126077148054,-3.64528283375536,2,-3.03217355958541,0.794629316238532,1.11689369329521
1,3,1.00837338950126,-4.5578856602876,1,-2.93810161309134,2.72259669733586,0.110398717913694
1,3,-0.0773178624415745,-4.99548075494508,2,-2.97903698576853,3.22982020167074,0.624871823419333
2,3,0.721143591461422,-1.99724911886587,2,-3.17014717753325,1.71796064952223,0.878264020119467
2,3,-0.985218733221497,-2.50460310193171,2,-2.84227570482813,1.25055696524286,0.957300884070651
2,2,-0.581649171570408,-1.53702580442022,2,-3.25311736970816,-0.616977376282427,0.607107733251856
2,3,0.406852536678694,-4.00171420514298,2,-2.98024711589814,1.04184269287436,0.211015066490101
2,3,1.40447777698089,-2.98343630382715,2,-3.18450665080631,0.913676311386887,0.579047206459823
2,3,0.36499772911454,-3.74932628790451,2,-3.41382833528323,-0.976692093183344,0.849037376243111
2,3,-1.09097772625708,-3.20378371159875,1,-2.67866948489716,4.58090797382103,0.939863522256796
2,1,0.773526620180983,-3.64232857381937,2,-3.28688487817426,2.23228746045692,0.122614092790324
2,3,1.65554551226926,-3.52077209169189,2,-3.10612005651015,0.00235631058883934,0.744256413040738
2,2,1.15322680450048,-3.02829836055002,2,-2.56401412258406,5.72567790128004,0.688305032058973
2,2,0.288543500538807,-3.24997418750893,2,-3.31266264359339,-0.6477497872906,0.250225846652915
2,3,1.9730679150885,-2.01419022510217,2,-2.93177308348433,2.83147775955183,0.582332393498001
2,3,1.25806573886139,-1.67267364354554,2,-2.96350168347792,0.7979333138164,0.294423481673254
1,1,0.38980277070897,-2.91519522984273,2,-2.65243352624568,1.71746324810629,0.988593935419008
2,2,0.523319998344897,-2.41908626386045,1,-2.99533988019885,-0.868277041881766,0.741473861332212
1,2,0.407056806631178,-3.5169167988036,1,-2.85427113146711,1.67347361756378,0.11835829971604
2,2,-0.364606915659478,-2.77569439550963,2,-3.21535511368968,2.97791878043002,0.637177897656452
2,3,-0.920826030999955,-1.32995903989537,2,-2.85397956423579,0.351797052972643,0.417200792879558
2,2,0.275770141206071,-2.92960650548795,2,-2.88150699681143,1.61997059056409,-0.00780160144945163
2,3,-0.582234685211856,-4.10642363541217,2,-3.28756322459861,0.476079002230662,0.823761047377907
2,3,1.79733515008377,-3.02659857541237,2,-2.97708917732054,2.89245740570299,0.010621013702431
2,2,0.798643835481352,-4.48794253218767,2,-2.74005905295266,0.15048289338,0.211881465949831
1,3,1.30882574510677,-3.40054433639707,1,-3.18044099562007,0.0856901022558061,0.6825574866178
2,2,1.13224254140362,-3.34405570164308,2,-3.05406964359676,4.44072133680101,0.568461406247583
2,3,0.0795943367207518,-3.83252785346088,1,-2.95202338026317,2.87028958002972,0.235732253855908
2,2,1.4755013648997,-2.85788560783217,1,-2.57528120857066,3.75671389661927,0.275948011732902
1,3,0.639700794811016,-3.57289740240758,1,-2.86551399030546,0.0983760946865215,0.983939194234404
2,1,0.123833038813065,-4.23966138570992,2,-3.02575331247756,0.579686620111581,0.703367278095917
1,3,-1.12661586880835,-1.61490042251829,2,-3.03426629558959,-0.887982675674116,-0.489915586366354
2,3,1.13121158341136,-2.12278828051637,1,-2.96230426743882,1.681876925674,0.522762961735264
2,3,1.297937106638,-2.54279941547617,2,-2.77808857167579,0.86649869363909,1.22677253781616
2,3,1.63931999300589,-1.30711248983844,2,-2.94831909310444,-0.300663344228915,0.140863447420132
2,2,1.25856080888484,-4.67420558375985,2,-3.22839518184455,2.44512828830281,-0.0294568921555638
2,2,2.13629464394406,-2.97800120624577,2,-2.8943488693843,2.50575274210272,0.807111724309381
2,3,1.25730682485078,-3.66167119319425,2,-3.27267878205099,0.212974730452689,0.0952779879919728
1,3,0.843344732976969,-1.56413139501654,2,-2.92416928371728,-0.30538878676086,0.467933642035907
2,3,0.058854739326203,-3.39951447090984,2,-3.4276781852611,2.49904773020365,0.257242003129466
2,1,1.80309474993042,-2.30742812247312,2,-3.1506471205445,0.544700088773477,-0.301677173945174
2,3,-1.40377335034262,-3.34996606614541,1,-3.0400015659268,0.184501433594201,1.03655623752135
2,3,-0.257848505076835,-3.59052090406132,2,-2.79081753238102,0.574673236771487,0.700735043178338
2,2,0.0928206385737386,-2.19284611877832,2,-2.91357486675745,3.71763226661522,0.624740104108648
2,1,-0.117226440193368,-2.68287332784584,2,-3.07881188050084,0.858104256135064,-0.5167679904106
2,2,1.84602521749041,-1.15712002117848,1,-3.09447242712256,2.95168596148592,0.894174102013711
2,2,-0.23491095146459,-2.64522661828686,1,-3.62817022846422,-0.3894231653978,0.186730028692143
2,3,1.85967712303586,-4.90626988223296,2,-3.25434861049195,0.0789081112305081,0.552642730694927
1,2,-0.771798857439939,-0.423260694081955,2,-3.00321086420763,-0.391096791104601,-0.526324452355435
2,3,-0.988356786691469,-1.25285055903568,2,-2.94699974740167,-0.740769146746836,0.802390205395655
2,2,0.462241981584184,-2.95188632640783,1,-3.11682509142872,3.37314384909437,0.198556747009375
1,2,1.61229527572419,-3.64363330644778,2,-3.35660891691064,2.64975265030944,0.919260988466969
2,3,0.171072436911959,-3.74297464594848,1,-2.89445665990216,2.5756751762694,0.541212254774494
2,2,0.680832093429634,-3.14815648013396,2,-2.99742143160588,1.54072925717802,0.587818857991976
2,3,-0.242845249459066,-4.14163252377127,2,-2.90773087476785,1.4282472387796,0.556042617094303
1,2,1.67974876146597,-3.64862516303753,2,-2.46263643542941,0.9628357746476,0.616822207449255
2,3,1.29654068017039,-4.18548096889023,1,-2.63503957108248,0.398293942925459,-0.149959783805522
2,3,0.158742267380363,-2.20008112287209,2,-3.37960597143186,-0.994911560344534,0.861878847630271
1,3,-0.802477645181586,-2.15736622562857,1,-3.37414618864129,3.71730148233287,0.39791205740503
2,3,0.370773454031203,-3.56640987841538,2,-2.94396975147912,-2.68741544678675,0.145876407276827
2,3,1.46969792332407,-1.56441663521806,2,-3.05337949444208,2.21500302290653,0.796941226630034
1,3,0.284981720468443,-1.753397325192,2,-3.23961953584015,3.02861792842291,1.0974259651299
2,2,0.0431661776124836,-1.1463816371563,2,-2.75810864019777,2.65453377883805,0.706396525991164
2,3,0.124005404895314,-4.44842912137404,2,-3.50237092988284,-1.31579462977901,0.107524543152411
2,3,0.515121268567827,-3.93846820276471,1,-2.83221182055386,-1.72970667303689,-0.449094770176931
2,3,0.11020742681966,-1.75444473521706,1,-3.14020962347623,-1.42051439251311,0.410965278536956
2,3,1.29708057676665,-3.19903422322499,2,-2.94028721487836,-0.701766594207652,0.607321209068742
2,2,0.982673323773951,0.0311757416050278,2,-2.7888378596828,-1.1251815428115,0.92815692321287
1,3,-0.828334491721147,-2.34562934047858,1,-2.75242169078494,3.32785491413038,0.957013978791933
2,3,-1.09460445107535,-1.40259964416534,2,-2.32379577058497,1.868782265633,0.436951240654846
2,1,1.34424596836894,-2.4231595167688,2,-3.39707296711494,0.671420514173952,0.56894551744378
2,3,0.640526706256629,-3.24042190767229,1,-2.81882652140126,2.41107712658078,-0.042778557720353
2,3,2.43534121337216,-4.44709760958032,1,-3.00988098262771,0.986794870248481,1.06992019931107
2,2,-0.801734114649938,-3.94864718041164,2,-3.09937358739513,1.65896977873414,0.446853633054736
2,3,1.0446754250496,-0.809223696593658,2,-3.09428534226527,2.29099600027704,1.13093079606215
2,2,1.02334031608766,-2.65988531415384,2,-2.87161122670293,0.565962417615728,-0.280838394474633
2,3,1.81551744399831,-2.49028637465819,2,-2.9416284767005,0.308529933445878,0.63335501747325
2,2,0.3083344629156,-3.71250590578725,2,-3.10519088133612,2.07187644122541,1.05293241164684
2,3,0.718978190966248,-3.95141320262171,2,-3.02115946007814,3.11287038205176,0.37104983414069
2,3,0.975681377104644,-2.63055942425375,2,-3.04862662962709,3.0870175235423,0.386737474206202
2,3,0.361368579427866,-1.52268048788292,2,-2.63634998324977,1.80804127024856,0.562924750330291
2,3,-1.0686746083354,-3.27677282927514,1,-3.10951734690115,-0.153231749113251,1.48057767009922
2,1,0.108408584476967,-2.95390135686567,1,-2.72303051333524,2.48235819370612,0.754054850269989
2,3,1.07291390164459,-1.81115046863953,2,-3.14375010187751,-0.836431736004553,0.34177601839201
2,3,0.0489108883178981,-1.92324295799832,1,-2.55067993635666,1.18731636437002,0.437834383099425
2,1,0.0500536254778133,-3.65001669387246,2,-3.04041080598013,-0.546941349139211,0.459101256292778
2,2,0.575103060336501,-3.24554749788438,1,-3.14673301849157,3.68003304633086,0.675616912716754
1,2,0.177179545513413,-2.76615839153056,1,-3.27817245911306,0.994642962919503,0.769545988390806
1,3,-1.87838420371579,-2.33169559070873,1,-3.15014838079161,1.28600934249219,1.02249184962656
1,3,0.879691477627533,-1.51680877523067,2,-2.96279745443845,1.71684089355711,0.0218540245431296
2,3,0.355913440643371,-3.24852113704512,2,-2.8033228876702,1.27997744383132,0.176909644719062
2,3,2.01107132466662,-2.61097069206216,1,-3.14057555964181,1.44042445479181,1.25445050009153
1,2,0.0849385208217923,-1.29138268719604,2,-2.90866948213317,1.92512574497187,0.194061764216954
2,3,-0.103455862680229,-3.92883641945966,1,-2.99617223330861,3.17974412761362,1.26973705724745
2,1,1.55995529961273,-4.55541917339486,2,-2.81921611881991,1.50092434138167,-0.0887992046514022
2,3,-0.137852740206295,-3.85831633629653,2,-3.29589868817542,0.914933641806653,1.15317144160066
2,2,0.797686997133428,-3.23360236071823,2,-2.96887346642649,0.696810602094372,1.20559648876438
2,3,-0.561587699535214,-3.31865283552498,2,-2.97210384159119,2.76258892165301,0.0661731132124846
2,2,1.34302107296143,-2.57457876901627,2,-2.59681888615477,1.24534827699002,0.578130486089417
1,3,0.140819260157509,-4.21016437667219,2,-3.15272007375549,1.23791615971432,0.705881253504863
2,3,-0.182115760396349,-2.88338045427399,2,-2.4662111841229,4.22305348044715,0.465995353819681
2,3,1.10590943520057,-3.74624023481155,2,-3.13625478768757,0.002860817108578,0.30959410831374
2,3,0.213433433136672,-3.14840440188843,2,-2.93693368078586,3.4646697078036,0.634758816175094
2,2,-0.380324482207941,-4.11037022648495,2,-3.06042959149805,1.75162327777147,0.53384622547465
2,3,0.785673035582015,-2.20389487253162,2,-2.50090616100503,1.23850903905135,0.405765632269901
1,3,-0.282498671916243,-3.39512290540181,2,-2.63228393397441,2.3136220479209,0.878616259117431
2,1,-0.250121967299421,-1.83550640059817,2,-2.85224756193432,-0.253804255281133,0.0356746050857429
2,3,1.22306734890095,-2.23593424644213,1,-3.11762648466045,1.54076620097991,0.304307087373528
2,3,0.879482093143681,-3.353767546891,2,-2.9988441217489,1.02808403546425,0.770234615191267
2,3,-0.934189507086481,-1.9596096491719,2,-3.0621983184091,0.824468120507474,-0.0145373811943359
2,3,0.62150988544662,-3.75683873511509,2,-2.90366079141162,1.3412114554864,-0.315063949870942
2,3,-0.699547629883715,-2.4876093990026,2,-3.36041590340157,2.27078349289519,-0.0747009588160502
2,2,0.746871643884259,-4.08308720512179,1,-2.6366887983189,-1.94877000396357,-0.0977018246566128
2,2,-1.54831014897766,-5.16064595489059,2,-3.01690557999981,2.2227664257792,0.31512823909013
2,2,1.61320790343635,-3.32222730311991,2,-3.1193433310218,2.54403151642735,0.224578433852466
2,1,0.910059408493688,-1.50834628078664,2,-2.8360993034593,1.31966908390645,0.681116164210442
2,2,0.596654563672562,-3.91156443994665,2,-2.74075679670463,1.1713138031518,0.0657924211017407
1,3,1.49071922716898,-2.53997288882931,2,-3.15755151782136,-1.04634927465745,0.696612287139683
2,3,0.0564017719445681,-2.38489441654312,2,-3.03513201239621,1.66716176716591,1.24375881070521
1,3,0.620436904623275,-4.78384204485452,1,-2.83555334764005,0.32203406971823,-0.0427693917015193
2,3,1.63869913105362,-2.7942741094191,2,-2.63917465929866,0.31858909859622,0.309267999767051
2,3,0.797899060605582,-2.33548497990896,2,-3.0163542469474,0.160625689808655,0.605852523661545
1,3,0.812387966639247,-3.87372518555471,2,-3.1958287305622,-0.0337141785763597,1.21239889091789
2,3,0.189744364488689,-3.13708138473533,1,-3.07322197332833,3.3048403494801,0.625232655593371
2,3,-0.36386314536637,-2.01719652345871,2,-3.42295140973404,3.94738873562716,0.982598594174783
2,2,0.0550218372737257,-2.65237715647509,1,-2.89152919638336,1.83362323755122,0.826569832233233
2,1,-0.351093219548055,-4.80967603415024,2,-2.83625109967018,0.14620181717136,0.3669203121029
1,3,-0.632376949089477,-3.49138594494626,2,-3.45281844186737,0.00895736353133669,0.954103618654393
2,3,-0.00717805465300048,-2.3444671407638,2,-2.79971845976164,-0.261781158577636,0.727668574815704
2,2,0.388856934147361,-3.869260858202,2,-2.83140137562566,1.46996926025126,1.31624727162301
2,3,1.8964974010217,-4.4854884144249,2,-2.86215836650642,1.15056467907689,0.201934636855364
2,3,-1.48870911890118,-1.6641153281137,1,-3.18923212575546,1.41050469063269,0.0918184838674487
2,3,-0.0228480846607128,-1.6953648614023,2,-3.39866169450479,1.46524571794797,0.709670780740534
2,3,-0.485925254540208,-4.70173929897758,2,-2.97492644927481,1.61084792288552,0.217117890166337
2,1,0.0221189534988343,-2.42615187562714,2,-3.21152742209033,0.713135893370836,0.600247420481344
2,3,-0.206971299418648,-0.830148360104865,2,-3.11907210759485,2.79872553574666,0.520348129886849
1,3,0.527914038793498,-4.36899220308498,2,-2.90910855612845,-0.216544604127896,0.734329025907218
2,2,0.160681591743117,-2.84389839393855,2,-2.67713765013028,1.42842885293009,0.116668401864189
2,3,2.6685228237858,-4.50428333803907,2,-2.67970093789135,1.93381539513974,0.914101065463457
2,3,0.434100214498745,-5.07566641486767,2,-3.42678044070356,2.88545421019248,0.894766651199016
2,3,-1.28857632121834,-2.0577253570133,2,-2.99752881908854,0.37208048308363,-0.19853242816607
2,3,0.383064131673301,-3.05416800760027,2,-2.87176337411647,0.39200933469679,1.42438448077753
2,1,0.882509981783259,-1.85947300581124,2,-2.66542263832513,4.39722947853787,0.745767697289756
2,3,-0.729598714802072,-3.39885132167502,1,-3.2116173245006,1.98166432651692,0.892740427786708
2,3,0.124843607519082,-3.8200498272009,2,-3.17551123949069,1.3792702861183,-0.356346171610872
2,3,0.618651048223531,-3.14374259631155,2,-2.63131743710622,2.62115117443007,0.261871909437808
2,3,2.1150400399557,-3.4926897902363,1,-3.53653398632601,0.0894960955172956,0.54986165500969
2,3,0.122175574322308,-4.01921663179234,1,-3.04884478791326,0.724153893542002,0.466612168498182
1,2,1.09540740709261,-3.05975883623759,2,-2.8018922043392,-1.530065583314,0.160487411747049
2,2,-0.279850498882933,-3.77142838161221,2,-2.97968967098091,1.33420172140235,0.879102382760137
1,3,1.52140987107447,-4.506531579163,2,-3.11807992549996,-1.44140828409295,0.543581284513343
2,3,0.606011803759164,-4.59980115299302,1,-3.17485508395605,3.2370162177029,0.821126605540662
2,2,0.222064513464657,-4.14567183133353,1,-2.91414222732921,-0.0238822549042284,1.25718073153581
2,1,0.355702114411898,-1.80282937560979,2,-2.86202444064658,1.36024955750005,0.716897644223318
1,1,2.95166391876441,-1.57113320987044,2,-2.97560087534502,1.42547471006295,-0.353406885972364
2,3,0.0907471078270326,-3.71120168871951,2,-2.86635037685233,0.912894371882548,0.699605832274206
2,3,1.78942017238898,-5.21263169496364,2,-2.98491184622327,2.18914627008203,0.730773455854044
2,2,1.36462252203642,-2.46346455171279,2,-3.37821032156149,4.57617346876811,0.0204927374777568
2,2,-1.18796818069051,-4.686892183272,1,-2.41436016869825,2.26151852409621,0.878267964743848
2,3,0.646282062110541,-3.07613079507378,1,-2.76184686022566,-0.815712872970338,0.40751432628728
2,2,-0.0280363154066606,-2.93024478806074,1,-3.0381638888381,0.459366330692648,0.639140500460888
1,3,1.1275572177543,-1.92059801457048,1,-3.27144038066627,2.94553832191593,0.343173924423821
1,2,-0.744783136920406,-2.29688892795128,1,-2.87357245325434,1.40392059509961,0.893036024893241
2,3,0.990562520973431,-1.922608840254,2,-3.14134978635261,0.554658880497891,0.452571618601318
2,2,0.646194293242949,-3.70955192620129,1,-3.15665170808351,-0.993377538795853,0.297909041877468
2,3,1.96557018656687,-4.14438241425743,1,-2.77969930205449,1.67255249192016,0.983224081254235
2,2,0.588114937365175,-4.38925815611918,2,-2.66254826800167,2.53846175651761,0.335925968999232
2,3,0.0475754607431709,-3.08886360057334,2,-2.69889291264667,0.358301049154861,-0.145838211960163
2,3,0.00363853122813329,-2.81175971127484,2,-3.40372593578367,1.42247034501202,0.452352624370184
2,3,-0.291972948294614,-2.59537224277092,2,-2.61754671937273,1.15732129501271,0.611971754234479
2,3,-0.129147592701239,-0.392717247064694,2,-3.13148941242115,-0.221373213456738,-0.244782286261239
2,2,1.71198074474067,-2.60271160673292,2,-2.97460680869595,3.14085771998352,0.246380365441192
1,3,-0.635113896327806,-3.1525817709724,2,-2.88784682203874,3.45285658557465,0.599723302959857
1,2,0.202831402132441,-3.04400850862099,1,-2.83222935826148,4.01299214776586,0.815883825937153
2,2,-0.754256369853049,-4.05432754681274,2,-3.05617709464905,2.39518367180612,-0.0422166322076745
2,2,1.00364021230558,-3.27506036562229,2,-2.91331323414597,1.9389537433491,0.400952706802865
2,3,-0.136957089116144,-2.52995637631828,2,-3.01700890433454,3.63506798133076,0.387245624132671
2,3,1.95250933687216,-3.61413450687863,2,-3.09583410732406,1.29274701061788,0.62546023701214
2,3,1.47451901998749,-3.43530400790645,1,-2.83681010757923,-0.215939897260701,0.695440570181618
1,3,0.411174756260221,-0.580159138249122,2,-2.83871551244983,0.554103769513006,0.641096842167512
2,3,0.299373452862992,-3.62583312384544,1,-3.09356086317266,-0.0182186429190305,0.228242519788821
2,1,0.999962929332856,-1.94725922668918,2,-3.22225422888497,2.30077121250052,-0.0719965139180696
2,2,0.0625377162759662,-3.60130709192165,2,-3.10512120608937,0.207236662979805,0.438698966248027
2,2,1.37858761181093,-3.41098855857039,2,-2.95697448269213,0.956818423459543,0.396218954145568
1,3,0.914896659021542,-2.49084269492192,2,-3.39464929902149,-1.24089301353951,0.892616388725586
2,2,0.723824141450299,-2.22010644536146,2,-3.2697609771006,1.48752441062011,-0.0218173623372078
2,3,0.828859471567266,-1.36971712400957,1,-2.85762043635799,0.835251305599045,0.226445556163519
2,3,0.521627079883774,-2.64472175654737,2,-2.84696789286645,2.72345800655232,0.574517056212276
2,3,-0.516792061459946,-2.26222690116321,2,-3.31483728263691,0.732743001435108,-0.030157789164531
2,3,-0.220477114564596,-1.99324326305895,2,-3.20080223476082,0.913280146113319,0.736732424326131
2,3,0.77395707119282,-2.49458896952139,2,-2.66602664739943,-0.717017110615316,0.937565589959236
1,3,0.321097457706246,-2.78311394491061,1,-3.16203456274687,2.3603435193927,0.476112700542688
1,3,0.247004411894679,-1.94069560884049,2,-3.19281812581567,1.37289592280832,0.301190906640063
2,3,-0.380348028594853,-2.24940647763319,1,-3.18297188995345,1.43196839722269,0.69267053815737
2,3,0.258225368269641,-2.70117869811326,2,-2.90903862760542,1.64768925845773,-0.0613536292284478
2,1,1.45541905863364,-3.67822814723752,2,-3.15716811245237,2.21274996318132,0.477842791717909
1,3,0.511710258531507,-4.92830397000224,2,-3.04833918205596,1.35886972849018,0.195376496329417
2,2,0.420483550689018,-2.17773385768885,2,-3.28805232851272,1.49498928083221,0.3603700248647
1,2,1.32561897958257,-2.39865100914939,2,-3.37739880724091,2.93523557358753,0.378047527432349
2,3,2.38913814266127,-2.05381274703422,2,-2.83888835834343,2.77139675138335,0.900827100985894
2,3,0.0652562491185729,-1.79010695671292,2,-3.11520935264025,1.49198497104046,0.779987998480143
2,1,-0.932740354753521,-2.3043087392213,2,-2.5271289250984,1.02831279864789,0.605555255536092
2,3,1.0199264336475,-3.69000960190335,2,-2.43327128914032,1.40060432159621,0.923516824242562
1,3,-0.917970594035928,-2.68484105710683,2,-3.38767972108082,1.12422150792423,1.20035058756876
2,3,-0.937241385413442,-2.29211770916779,1,-3.42372159956009,0.576582365019524,-0.228503406084784
2,2,-0.350198564156381,-1.30215986205671,2,-2.96125373163932,0.553718916657631,-0.194433378482418
2,3,1.30341543505614,-3.90382944827989,2,-2.87555676814086,2.4131204937437,0.0539872752609494
1,3,1.48485550965048,-4.02898944397467,1,-3.27062389881389,0.957086538790347,0.935760325962822
2,2,1.94545747018156,-1.78916924880907,1,-2.92809992943115,2.79356940468224,0.145521399283936
2,3,-0.0244266212095513,-3.07333846685944,2,-3.04951233637491,1.02239650128009,0.958134140474492
2,3,0.42252673470877,-4.20573691678753,2,-2.60635134758042,1.90478733269192,0.332429770911511
2,2,2.32519700053605,-2.63758676516257,2,-2.74391192125258,3.58103569335386,0.748451099876166
1,3,-0.171799238429805,-1.94889701688019,2,-2.78666758554175,3.76482278544968,1.1077940558244
2,1,0.984384371248552,-2.18606259503996,2,-3.28187925458521,1.76149772738565,0.835877487626051
2,3,0.829801830154284,-2.27540061809687,2,-3.17253743678987,1.18833618786219,0.854988687011087
2,1,0.0677083139552511,-2.9505705354273,2,-2.91846932922067,1.8727668339486,0.369349723573547
2,3,0.873675349052884,-3.81011770838922,2,-2.76334815870651,1.19116633611937,0.0715390414167837
2,3,0.26742622967745,-4.04892341150047,1,-2.89725192904847,1.03842805749336,0.323430164924107
2,1,0.70144879764237,-0.919153434201397,2,-2.97360445848315,2.21957342606896,0.866079976447628
2,3,0.977196903497938,-2.18540358682379,2,-3.09825190887951,1.76739411682358,-0.0206636053416566
2,3,0.512493039321524,-2.87514592999415,2,-3.15638015907281,0.202468518786577,-0.192144655248588
2,3,-0.621335987484249,-3.30653169943479,1,-3.04734953440813,0.901609645322033,0.737211069627448
2,3,-0.258979574824592,-1.75173004502558,2,-3.16240562020091,1.11737518093064,0.0254605231632808
2,3,-0.291581659494977,-0.981077206722636,1,-2.9199771487098,1.26648696405406,0.881085959302088
2,2,1.98514177222546,-2.84432961458245,2,-3.22430418460607,0.962814350650648,0.279222990872105
2,3,-0.166752931571924,-1.53847147194568,1,-2.70295173908179,0.536847144955214,0.56527360507358
2,2,0.694693787082866,-1.74387211795261,2,-3.00538238455615,-0.83401580343251,0.826790994259804
2,3,-1.37156763613085,-4.52153148303937,2,-2.86578555932224,1.53529912053855,0.550896591268334
1,3,1.52153847830127,-2.1728650356511,2,-3.03203182286411,0.186778071488611,0.559451209072165
2,2,1.23971886413747,-1.84355897494614,2,-3.04770125952963,3.18044630663475,0.654727701146213
2,2,-0.630863116432592,-2.11073302987309,1,-2.8660010929344,0.79936250088428,0.117819888145991
1,3,0.153724678695179,-1.78056375288835,2,-3.11648259363361,1.37441376890998,0.400171043338891
2,3,0.880048577859633,-3.06157794359978,2,-2.99923225834746,0.510239029126041,0.551120776966053
2,3,1.47481989769527,-2.70385794152693,2,-2.80220704049935,0.0852858392287588,-0.162724948487361
2,3,-0.503938267156262,-3.76221335100385,1,-2.72236703462458,-0.173279266542799,0.579119297309756
2,2,-1.197628808787,-2.49225770621528,1,-2.94069675756378,2.87433984321361,0.288572528874132
2,3,1.4372848416333,-2.82617863135046,2,-3.02218797750258,3.9146818558962,0.438118067566411
2,2,-0.132515586455636,-3.52375427728435,2,-3.12135213757579,1.77365059813069,0.217928011365953
2,3,4.00764622414424,-3.32586603398307,2,-2.76175448781445,2.22671924826094,0.579746790245128
2,3,-0.0583760930489485,-2.63072595041414,1,-2.79326528666583,-1.4886026560719,0.547654134825387
1,2,0.423489937008097,-4.3292006330037,2,-3.17184797894988,3.13863762656834,0.653239580068282
2,2,1.52149103748874,-2.00312692275757,2,-2.68263811678041,5.57928179153958,0.34880333590878
1,1,0.285974319408682,-1.53516940426336,2,-2.8501022997925,1.55064058153092,0.995680031328543
2,3,-0.605964852037613,-2.66651711656641,2,-3.17451756576073,3.53037699023534,0.458316936724465
2,1,1.85035379429094,-4.62389290352532,1,-2.63216278294517,1.99760730930565,0.328440924768586
2,1,1.06122135116503,-4.18087884544705,2,-2.80953184235086,1.50235337170442,0.763703300767435
2,2,-0.306276223957704,-2.96403007330761,1,-3.49192642574161,-1.38372169314441,0.0847815280693644
1,3,-0.0319736732869965,-3.45810210837847,1,-2.72975084764565,2.0943416366534,0.629305365205493
2,3,-0.756252000908489,-2.88195439921994,2,-3.30509538696328,-0.122059049628309,0.253651345319335
2,3,-0.46972672486609,-2.97728361765532,1,-3.18102908561583,-1.44498773808141,0.140868404614712
2,2,0.85636593640547,-4.1134540597155,2,-3.37305283499325,0.435689827753516,-0.428657998059887
2,2,1.4423600368189,-2.04709112622957,2,-2.84766603893187,2.39729684320611,-0.024101607912103
2,3,2.97783599140526,-2.18762488659367,2,-2.88343257549476,3.09571004367847,-0.0629161075261108
2,3,-0.0884027211683265,-2.77603983039,2,-3.08729337730135,-1.21307431265134,0.268312912343316
2,2,-1.15684797140492,-4.16338068976531,2,-3.14073579922279,-0.800722190501159,0.30276126192228
2,3,3.12276884172254,-4.54007246156175,2,-2.94772483637678,3.20728751940488,0.313429508319478
2,3,1.69975977620653,-2.36471024783883,2,-2.92422438172113,1.96873696445227,-0.211560868769278
2,3,-1.53445620393715,-3.04709905520472,2,-3.23726959677662,0.953531648048396,0.337989526907273
2,3,-0.0760954724822834,-4.22008849497903,2,-3.34254398925733,2.76958084814542,0.768476839597334
2,3,1.71494787182402,-2.281939649537,1,-3.11225801677634,5.16337671199841,0.532829568185406
2,2,0.338440590260094,-3.57845816293715,1,-3.13012147324181,1.21028315162881,0.972043951046831
1,3,0.637412492285972,-3.62678981015459,2,-2.97949345196317,3.05865243712684,0.476511396859371
2,3,-0.755950233729307,-1.99688147260846,1,-2.74645224384049,0.57018379423478,0.719519627159399
1,3,2.65428827109723,-3.62858778128361,2,-2.56318265810407,1.30968910821433,0.67467716308646
2,2,1.54913368666931,-2.78604604402873,2,-2.88398684124318,0.401985088568215,0.587513780491257
1,2,1.71636506667162,-0.988826415176648,2,-2.96195720182086,2.54366837580798,0.622240058619574
2,3,1.04963562698285,-2.41611429560904,2,-3.22549059543667,0.370748673529258,0.598568145592409
2,3,-0.573209269469441,-3.14411161698592,2,-3.34458181481946,2.78890487650791,0.371925875052322
2,2,0.416090016810937,-2.29549899607365,1,-3.3843365181196,-1.15203804257227,0.394211932707813
2,3,1.19550522731343,-2.56834544510894,2,-3.1286261046141,0.883059106199042,0.335552402220381
2,2,-0.0531771017055106,-3.4082684676414,2,-3.08837436586627,1.17862014903365,0.833930376200755
1,2,0.34472321574269,-0.871844414886484,2,-2.793228092878,2.15447616284392,0.127782270770749
2,3,1.39865270350336,-2.8183959760023,2,-2.73621043880294,0.600619660878321,0.780154512558788
1,2,2.80378554208158,-3.29223928258061,2,-2.99606567099283,0.835098512864398,0.453489855500106
2,3,0.24146269783685,-1.45697859467359,2,-3.40000917629311,2.32837478285165,0.704231600062629
1,3,0.494660068609918,-3.07534039129029,1,-2.42116721141734,0.942718657700097,0.663308817764653
2,3,1.65363749462011,-2.31669899704917,2,-3.04493852802058,2.11819390031421,0.848170847581534
2,3,0.222412061330848,-2.18124668740437,2,-2.85956483325393,-0.504228502560042,0.573726568433346
2,2,-1.3814737891109,-3.1565612780214,2,-2.80814303473023,1.2616097306766,0.959744068197318
2,3,1.3037800550201,-2.59007184528108,2,-3.32806610988782,3.22362075342608,-0.194155835943619
2,2,0.0680980180888037,-1.47409045405496,1,-2.69463275500268,0.0679376717878308,0.987657708745778
2,3,-0.854027111911446,-2.78590250158866,2,-3.14424213389856,2.34050895392427,0.373815067599581
2,3,0.743889061168935,-3.38714105237431,2,-2.95649669212113,-0.549166651627741,0.146936976735757
1,3,0.41974184252357,-2.55638830087423,1,-2.86972992571765,2.03472567917253,-0.094678246506594
2,3,-1.28379703866626,-2.40134454519919,2,-2.82656131149033,3.68332203821891,0.686538527647308
2,3,2.40987764921856,-1.83186172824648,2,-3.19304146974507,2.44509889016346,0.43558966060651
2,3,0.0555510150894169,-2.80125951997155,2,-3.0734457823123,-0.496247310315809,0.681938979499753
2,2,1.20564807759068,-2.56692228853987,2,-2.93380353667227,2.81495844331589,0.213094042579355
1,3,1.03636589422185,-2.83079636726895,2,-2.8377412418375,2.21157614499661,0.740494248753731
2,3,0.692449184621738,-1.84264426467937,2,-2.54783253450102,3.13289202424978,0.250957689007091
2,1,1.65581285387336,-3.4727698646035,2,-2.99453638987341,0.652218931355659,-0.225020044249914
1,3,-0.488708749685828,-2.49371980772665,2,-2.77412137852265,2.83722562253166,0.953275544679463
2,1,1.2513687599764,-5.25246180917698,2,-3.1329620504243,0.708214732891563,0.267436206954815
2,2,0.560076180306567,-3.45786852669227,2,-2.89788732992029,1.63961157420835,0.106841230449285
2,2,2.33123268601809,-2.05642714133919,2,-3.2487266192681,0.775403987039613,1.02302109024283
1,3,-0.156343950717972,-3.00856555197988,2,-2.90230509740482,3.40263452068089,-0.066525065400159
2,3,0.245421296737772,-0.629888638869632,2,-3.60464917876882,0.709304357028688,0.611697653998649
2,3,1.96388654432725,-3.06400306327095,2,-3.04121053798953,2.01635845916853,-0.185679465797594
2,3,-0.0909285182522994,-4.27151214598173,1,-3.08959343915326,0.765888040218338,0.179229215880527
1,3,1.88871755194153,-1.63892366525343,1,-3.12022719303777,0.441935932314737,0.902301350476779
2,3,0.748896125642529,-2.26601848032041,2,-3.44368701172043,-1.39042325937471,-0.244793469282576
2,1,-1.11147954068343,-1.97602708349107,2,-2.53108378574219,2.11025970839114,0.866846391198574
2,3,-0.961118480108167,-2.74784967178509,2,-3.11059716124825,0.402633129995245,0.0812912175898097
2,3,2.67972071213005,-4.22075452567798,2,-3.07225404522969,-0.0312373173479439,0.38779542209633
2,2,0.863002139668867,-3.14162424286044,2,-2.92157554844778,2.5041301447009,0.0685022507488859
2,3,-0.483783265992811,-5.22261408964627,2,-2.85865718892114,2.26688040756021,0.774610898323274
2,3,-0.453307108052274,-2.66904944994021,2,-2.75043352392778,1.4362555756815,0.8626820936605
2,3,1.04165670471223,-0.933837509907626,2,-2.90510006563193,2.89084652051157,-0.0216878752530957
2,3,1.25862702771725,-0.932910909697646,2,-3.18568513592454,2.54878698313131,0.840203281931163
2,3,-1.13037635537607,-2.26338327918218,2,-2.8607666745793,0.680098627536946,-0.23680030577079
1,3,1.07597260584531,-3.88668823613337,2,-3.68854117419912,1.54587478348765,0.377684839940772
2,3,0.504929942641905,-1.9312842499996,2,-3.1970374450003,0.266720480900473,0.559004621547921
2,2,-0.927254373423764,-2.64826855348919,2,-3.49212589780921,4.34394962278548,-0.280843010907171
2,2,1.31806185594512,-4.05093247548733,2,-2.95594169882785,3.38622509058259,0.740242041653838
2,3,0.262268318304708,-3.32128278884365,1,-3.41575302600569,3.98739913420264,0.198568600995476
2,2,0.68916240774079,-4.53083766196427,2,-3.07993615293614,1.04277943556518,0.88041911712522
1,3,-0.360370923653615,-3.10505091244861,2,-3.25786711668767,3.01846048488641,0.397152075366817
2,2,-0.220477495458076,-4.01705579470485,2,-2.80978570423526,-0.0776758079060766,0.104773001983409
2,3,0.323878724495242,-1.60422560262171,2,-3.17941941552766,1.0498609732161,0.173465972569387
2,3,-0.632423082232801,-3.91523342116688,1,-2.69692990232873,1.48615047159755,0.0743857237496938
1,3,2.04058723146467,-2.76130912617813,2,-2.92388760757283,3.48845697691597,0.088508204371565
2,2,0.0788712075073971,-4.78981902747413,2,-3.23184724916672,1.57584378078169,1.3055484409056
1,3,1.36942345377371,-2.70922815482859,2,-3.04716654311125,2.02977201374381,1.29339477947844
1,3,1.17260489516632,-3.54007021018066,2,-2.59927682896116,0.315617641143535,0.738225431294192
2,1,1.13391211867911,-3.31731042674915,2,-3.02788158570059,0.331534285494414,0.663270338614556
2,1,0.297290668128652,-3.13327985107512,2,-3.67917520089459,2.14278937211276,1.0190948596713
2,3,0.560432433683274,-4.52667102819633,2,-2.8444575570331,1.50596822222122,0.170513934072126
2,2,2.02952483616125,-3.52086407582149,1,-3.12347571826188,5.64941587119802,1.04662827217385
1,3,1.06461119593769,-3.03882382913997,1,-3.27887896977238,1.82407620613234,1.14098488282662
1,3,0.169301776668884,-2.13945423780741,2,-3.20670746370948,-0.190567844964025,-0.12100987398971
2,3,-0.667607419719759,-1.12287920520863,2,-3.20078398216241,2.72284857316873,0.971504421261173
2,3,-1.097493991284,-1.98616703052182,2,-2.73044177479876,2.38317586245854,0.264811459108708
2,2,1.04279153032986,-1.98593525735531,2,-3.12349321330975,-1.01198714569257,0.48037263356264
1,2,0.370525116205446,-0.918733304598335,2,-3.19546928908484,0.332030874647963,0.809283235970132
2,2,-0.0498873841766893,-3.1099439681033,2,-2.97575253398776,-1.08254300675615,0.325337340508607
2,1,2.6970780969169,-4.0398498776146,2,-3.19379223020129,2.3271868807335,-0.776308610612322
2,3,-0.0563722449911618,-1.68257445054338,2,-2.42272354315428,3.43423365460546,0.912150078000909
2,3,0.0887839583342854,-3.59372488453592,2,-3.24504493689293,2.19669076813767,0.144188200896849
2,2,0.0499973728490172,-2.22875647127238,2,-3.02624851401715,-0.0884784117625204,-0.138700872917217
1,3,0.563745445208036,-3.28870993526278,2,-3.40870038322502,0.641647019377952,0.831084595490733
2,3,0.414010652471893,-2.80154409235439,1,-2.4565169057136,1.65371119539731,1.18225879020323
2,3,0.0389685060686721,-3.62849141592818,2,-2.98853642912945,0.739976617625807,0.749533809236053
2,3,-0.0769907753484165,-3.36506311020554,1,-3.37449847419201,1.6413054006554,0.664892524591132
2,3,1.35002646297536,-3.28544977650095,2,-2.94788333637419,2.31934568940083,1.39124680436816
2,3,-0.00086285416095544,-5.1149486473084,2,-3.59624253925234,1.31998560153035,0.825445387501653
2,3,-0.373681449576911,-2.0071341666032,2,-2.49432392399034,2.84020437353461,0.494822322016337
2,3,0.548772566162665,-3.02496047824842,2,-2.67109415773147,0.788232169966855,0.134009088652978
2,3,0.973205956267231,-1.68670144460678,2,-2.74793701322116,-0.0116643344755305,0.986397490022173
2,3,0.433036920198744,-2.20941644082669,1,-2.85701836033919,1.80713653759366,0.855940508005415
2,3,-1.07985694352542,-4.65516837035714,2,-3.10071575378753,1.65273722909019,0.410079871275708
2,3,1.21373228222711,-1.44276364884352,1,-3.02624930198791,0.00908178954112815,0.312478513539209
2,3,0.918424355918301,-1.50920685911107,2,-3.03949159688714,2.7224472786721,-0.342621853441127
2,3,0.308163073286996,-3.94762933594688,2,-2.96644103418561,3.11506900985176,0.295619223358641
2,3,0.324650223895097,-2.48566081750112,2,-2.79867372207679,-1.31066632853669,0.385917306303759
2,3,-0.16231195731423,-1.04627235252068,2,-2.8168390173982,1.59372850677739,0.435536901354507
2,3,0.776273384159595,-2.59473265964383,2,-2.87694372362005,2.062276895239,0.867724392000823
2,2,0.703735162195385,-2.39655709932329,1,-2.82527061114355,2.38977017049634,0.344405032035689
2,2,0.985503148310953,-4.48860725445854,2,-3.10491781881122,-0.220960671446361,0.671809971893598
2,2,0.133311433157467,-2.73113348476953,2,-3.03695681903211,0.834010208435083,0.430502632732624
2,3,-1.44058346612737,-2.23612298094136,2,-2.78877538770309,2.49100999108667,0.804886052921568
2,2,1.7612909272761,-1.10594147802055,2,-2.65582952494932,1.47823399862031,0.410687697458934
2,3,1.14415186339275,-2.74458382161165,2,-3.26462861905866,0.414487393498471,0.0304967121218941
2,3,-1.29138209285979,-1.91961059623852,2,-2.89501255901602,1.79304615171004,1.67082232219044
2,3,2.04466028634398,-2.93690797270344,2,-3.25788037808692,-0.256563898946366,0.468295865522265
1,3,-1.04023346739508,-2.69844079405971,2,-2.8624879509103,1.05185710697091,1.47325600929864
2,1,-0.976889233898992,-1.74928805665908,1,-3.02346568848787,-0.954602328071848,0.834988988105662
1,3,-0.0136733317963932,-2.8050382820365,1,-2.90722525829284,-0.764296922668678,-0.157608495489207
2,2,0.329372908746508,-1.65967746981467,2,-2.68535976170929,1.76867079995562,0.554719303070271
2,3,1.47965923730958,-2.43699904110142,2,-3.13576036183245,1.02227424719518,0.566732933095029
2,3,0.602131869638933,-2.15513945307536,2,-3.13338921544731,1.28898818637985,0.961109082758763
2,3,0.75291304570019,-1.92414298138808,1,-2.94215765088173,1.91299378698029,0.288928874444069
2,3,0.382151165312234,-1.31899123252271,2,-2.58184909482334,1.76747153535743,0.629349254833376
2,2,-0.896484909717135,-3.61732616342042,2,-2.78353541532573,2.29316622686511,0.341184280544728
2,3,1.95110877075452,-1.98119509316657,2,-2.53390628266912,1.77279869311668,0.834827798077762
1,1,-1.32052317279402,-3.05922312255556,1,-3.27085894727001,2.0054363600654,0.292049114162671
2,3,0.870352272113444,-2.71927917628523,1,-3.16895771016333,1.23867458812712,0.625831672636673
2,3,1.42734254094907,-2.47360710939213,2,-2.40474466917383,1.02454517087286,0.75666470518035
1,2,0.00748864033809982,-2.00970352227582,2,-2.80458085648514,1.02842087314808,0.0666742945562435
2,2,0.233652063477639,-1.15773040394983,2,-2.73664428304716,0.732712436721802,0.116062850026443
2,2,0.453913150475909,-1.79778045018823,2,-3.27896501857172,2.35752803366721,0.219529000899245
2,3,0.00721465906304636,-3.48449199874011,1,-2.79124514796606,1.12791454451929,0.532641014786305
2,2,-2.44320128238537,-3.24291407186587,1,-3.17413791183964,0.560482278301187,0.352006829093895
1,3,0.765019224931598,-2.12913559953567,1,-3.12077874286533,2.34973731402203,0.38299402066096
2,2,0.833848345790063,-3.05160699521962,2,-3.16832219143772,0.908761300460385,0.19453947877935
2,3,2.96294874382316,-2.88388219160043,2,-3.21459741088898,1.41290632250222,0.393074266936707
2,2,-0.319242884185192,-1.71627395176851,1,-2.84437275418921,0.821789022687411,1.29240422633633
2,2,-0.277361463895376,-2.65839357251946,2,-2.87737229534493,2.05006309130635,-0.16032971414341
2,3,0.0801822132093387,-3.02322654757205,1,-2.81698376982217,1.33268081957401,0.22588676797851
2,2,-0.600751518822632,-2.85533865593689,1,-2.94284268513713,1.50281264544635,0.678237446308234
2,3,-1.65283833942337,-2.49234224611649,1,-3.34974354589101,1.62029762820818,0.379379965557627
2,2,0.0629766271422074,-3.51725538526034,1,-2.95349664453162,0.983101568779805,1.05778697110636
1,3,-0.375558144594278,-2.18729430458393,2,-3.11725007272336,-1.73262292310227,0.270099224295606
1,3,1.06965057492143,-2.60733175695252,1,-2.86326606890967,1.54013333422092,1.17134463887708
2,3,-0.549429499318605,-3.6228332561098,1,-3.13809169125777,4.38302737160445,0.180650683530612
2,3,1.01171338939853,-3.00158232563119,2,-3.25261809774883,1.02871775684899,-0.15028317358413
2,3,1.38626612442005,-4.35751451848238,1,-2.68621250963282,0.279978144825575,0.505726162834353
2,3,0.794257827723078,-2.86407666178231,1,-3.49102682269675,5.05888682783718,-0.00655324277219604
2,3,-0.820891706577138,-3.14656769697644,2,-3.07548997803072,1.33324805659592,-0.0226200612733495
2,3,-0.346723655217662,-3.22838119530768,1,-3.34917352995001,2.80255195153331,0.368065213361951
2,1,1.48698395417149,-4.38600263470839,1,-2.88819774731363,2.38483736185655,0.342900051838359
2,2,-0.394471189561518,-3.05181826363569,1,-3.3346361311843,-1.54568711054608,0.673192295164074
